location_id,order_date,daily_ingredient_cost,rolling_7day_avg
1,2024-06-01,121.195,121.195
1,2024-06-02,85.85499999999999,103.52499999999999
1,2024-06-03,72.78999999999999,93.27999999999999
1,2024-06-04,40.83,80.16749999999999
1,2024-06-05,64.85,77.104
1,2024-06-06,52.62,73.02333333333333
1,2024-06-07,126.97,80.72999999999999
1,2024-06-08,100.715,77.80428571428571
1,2024-06-09,93.345,78.8742857142857
1,2024-06-10,54.79,76.30285714285715
1,2024-06-11,44.64,76.84714285714286
1,2024-06-12,119.99,84.7242857142857
1,2024-06-13,137.94,96.91285714285713
1,2024-06-14,117.24,95.52285714285715
1,2024-06-15,121.66499999999999,98.51571428571428
1,2024-06-16,72.82,95.58357142857142
1,2024-06-17,85.22999999999999,99.93214285714285
1,2024-06-18,81.33,105.17357142857144
1,2024-06-19,64.035,97.17999999999999
1,2024-06-20,58.8,85.8742857142857
1,2024-06-21,84.45,81.18999999999998
1,2024-06-22,111.89,79.79357142857143
1,2024-06-23,105.21,84.42071428571428
1,2024-06-24,83.69,84.20071428571428
1,2024-06-25,101.97,87.14928571428571
1,2024-06-26,66.0,87.42999999999999
1,2024-06-27,80.66,90.55285714285715
1,2024-06-28,154.265,100.52642857142857
1,2024-06-29,102.255,99.14999999999999
1,2024-06-30,105.095,99.13357142857141
1,2024-07-01,82.63499999999999,98.98285714285714
1,2024-07-02,86.205,96.73071428571428
1,2024-07-03,77.65,98.395
1,2024-07-04,92.035,100.02
1,2024-07-05,95.985,91.69428571428571
1,2024-07-06,113.26,93.26642857142858
1,2024-07-07,150.2,99.71000000000001
1,2024-07-08,114.845,104.31142857142856
1,2024-07-09,104.73,106.95785714285714
1,2024-07-10,91.64,108.95642857142856
1,2024-07-11,145.405,116.5807142857143
1,2024-07-12,130.43,121.50142857142858
1,2024-07-13,132.505,124.25071428571428
1,2024-07-14,110.115,118.52428571428572
1,2024-07-15,91.215,115.14857142857144
1,2024-07-16,31.935,104.74928571428572
1,2024-07-17,85.47999999999999,103.86928571428572
1,2024-07-18,156.57,105.46428571428571
1,2024-07-19,114.6,103.20285714285714
1,2024-07-20,140.73999999999998,104.37928571428571
1,2024-07-21,150.445,110.14071428571427
1,2024-07-22,33.34,101.87285714285713
1,2024-07-23,99.755,111.56142857142856
1,2024-07-24,97.215,113.23785714285714
1,2024-07-25,81.42999999999999,102.50357142857142
1,2024-07-26,161.66,109.22642857142857
1,2024-07-27,100.045,103.41285714285713
1,2024-07-28,146.885,102.9042857142857
1,2024-07-29,136.475,117.63785714285714
1,2024-07-30,89.83,116.22
1,2024-07-31,47.86,109.1692857142857
1,2024-08-01,70.925,107.66857142857144
1,2024-08-02,135.07,103.86999999999999
1,2024-08-03,122.82,107.12357142857142
1,2024-08-04,100.92,100.55714285714285
1,2024-08-05,25.56,84.71214285714284
1,2024-08-06,38.28,77.34785714285714
1,2024-08-07,107.89,85.92357142857142
1,2024-08-08,114.42999999999999,92.13857142857144
1,2024-08-09,111.52,88.77428571428571
1,2024-08-10,86.365,83.56642857142857
1,2024-08-11,122.75,86.68499999999999
1,2024-08-12,77.34,94.08214285714287
1,2024-08-13,116.97,105.32357142857143
1,2024-08-14,70.375,99.96428571428571
1,2024-08-15,134.1,102.77428571428572
1,2024-08-16,110.78,102.66857142857144
1,2024-08-17,101.125,104.77714285714286
1,2024-08-18,67.595,96.89785714285715
1,2024-08-19,64.405,95.05
1,2024-08-20,114.13,94.64428571428572
1,2024-08-21,82.27,96.34357142857142
1,2024-08-22,99.695,91.42857142857143
1,2024-08-23,108.35,91.08142857142856
1,2024-08-24,96.965,90.48714285714286
1,2024-08-25,135.935,100.25
1,2024-08-26,80.815,102.5942857142857
1,2024-08-27,84.51,98.36285714285714
1,2024-08-28,67.42999999999999,96.24285714285715
1,2024-08-29,88.405,94.63000000000001
1,2024-08-30,104.92,94.14
1,2024-08-31,134.03,99.43500000000002
1,2024-09-01,108.11999999999999,95.46142857142857
1,2024-09-02,40.15,89.65214285714286
1,2024-09-03,101.05499999999999,92.01571428571428
1,2024-09-04,55.995,90.38214285714287
1,2024-09-05,83.55,89.68857142857142
1,2024-09-06,124.10499999999999,92.42928571428571
1,2024-09-07,57.78,81.53642857142856
1,2024-09-08,91.925,79.22285714285714
1,2024-09-09,68.89,83.32857142857142
1,2024-09-10,69.88,78.875
1,2024-09-11,82.955,82.72642857142856
1,2024-09-12,77.345,81.84
1,2024-09-13,145.0,84.825
1,2024-09-14,81.58,88.22500000000001
1,2024-09-15,109.255,90.70071428571428
1,2024-09-16,85.28999999999999,93.04357142857143
1,2024-09-17,127.725,101.30714285714285
1,2024-09-18,55.78,97.425
1,2024-09-19,21.535,89.45214285714285
1,2024-09-20,116.1,85.32357142857143
1,2024-09-21,122.41,91.15642857142856
1,2024-09-22,115.48,92.04571428571428
1,2024-09-23,70.55,89.93999999999998
1,2024-09-24,62.765,80.66
1,2024-09-25,78.78999999999999,83.94714285714285
1,2024-09-26,75.85,91.70642857142856
1,2024-09-27,176.295,100.30571428571429
1,2024-09-28,118.02499999999999,99.67928571428571
1,2024-09-29,103.79,98.00928571428571
1,2024-09-30,69.995,97.92999999999999
1,2024-10-01,78.425,100.16714285714285
1,2024-10-02,98.10499999999999,102.92642857142856
1,2024-10-03,65.225,101.40857142857143
1,2024-10-04,82.365,87.99
1,2024-10-05,106.79,86.38499999999999
1,2024-10-06,118.49499999999999,88.48571428571428
1,2024-10-07,101.19,92.94214285714285
1,2024-10-08,103.425,96.51357142857141
1,2024-10-09,75.84,93.33285714285715
1,2024-10-10,87.11999999999999,96.46071428571429
1,2024-10-11,81.02499999999999,96.26928571428572
1,2024-10-12,100.395,95.35571428571428
1,2024-10-13,102.475,93.06714285714285
1,2024-10-14,112.86999999999999,94.73571428571428
1,2024-10-15,57.02,88.10642857142857
1,2024-10-16,98.49499999999999,91.34285714285714
1,2024-10-17,57.54,87.11714285714285
1,2024-10-18,86.03999999999999,87.83357142857142
1,2024-10-19,86.21,85.80714285714285
1,2024-10-20,93.83,84.57214285714284
1,2024-10-21,42.795,74.56142857142856
1,2024-10-22,91.975,79.55499999999999
1,2024-10-23,62.455,74.40642857142856
1,2024-10-24,118.23,83.07642857142856
1,2024-10-25,160.72,93.745
1,2024-10-26,129.10999999999999,99.87357142857142
1,2024-10-27,151.635,108.13142857142859
1,2024-10-28,76.425,112.93571428571428
1,2024-10-29,123.35,117.41785714285713
1,2024-10-30,77.655,119.58928571428571
1,2024-10-31,65.95,112.12071428571429
1,2024-11-01,137.545,108.80999999999999
1,2024-11-02,116.6,107.02285714285713
1,2024-11-03,133.16,104.38357142857141
1,2024-11-04,133.17,112.49
1,2024-11-05,64.985,104.15214285714285
1,2024-11-06,104.19,107.94285714285715
1,2024-11-07,99.64,112.75571428571428
1,2024-11-08,187.38,119.875
1,2024-11-09,139.03,123.0792857142857
1,2024-11-10,175.06,129.065
1,2024-11-11,77.045,121.04714285714286
1,2024-11-12,56.805,119.87857142857142
1,2024-11-13,107.8,120.39428571428572
1,2024-11-14,108.375,121.64214285714286
1,2024-11-15,112.085,110.88571428571427
1,2024-11-16,88.05499999999999,103.60357142857143
1,2024-11-17,119.935,95.72857142857141
1,2024-11-18,129.385,103.20571428571428
1,2024-11-19,111.015,110.95
1,2024-11-20,82.26,107.30142857142856
1,2024-11-21,65.23,101.13785714285713
1,2024-11-22,155.23,107.30142857142857
1,2024-11-23,85.31,106.90928571428572
1,2024-11-24,130.32999999999998,108.39428571428572
1,2024-11-25,99.405,104.11142857142856
1,2024-11-26,73.59,98.765
1,2024-11-27,58.285,95.34
1,2024-11-28,132.58,104.96142857142857
1,2024-11-29,130.04,101.36285714285714
1,2024-11-30,114.37,105.51428571428572
1,2024-12-01,161.94,110.03
1,2024-12-02,90.755,108.79428571428572
1,2024-12-03,53.255,105.88928571428572
1,2024-12-04,85.8,109.82000000000001
1,2024-12-05,94.485,104.37785714285714
1,2024-12-06,170.11,110.10214285714287
1,2024-12-07,179.29,119.37642857142858
1,2024-12-08,121.875,113.65285714285713
1,2024-12-09,135.4,120.03071428571427
1,2024-12-10,130.585,131.07785714285714
1,2024-12-11,78.615,130.05142857142857
1,2024-12-12,135.9,135.96785714285716
1,2024-12-13,147.225,132.69857142857143
1,2024-12-14,132.275,125.98214285714286
1,2024-12-15,169.12,132.73142857142858
1,2024-12-16,99.49,127.60142857142856
1,2024-12-17,88.30499999999999,121.56142857142858
1,2024-12-18,82.46,122.11071428571428
1,2024-12-19,52.35,110.175
1,2024-12-20,134.98,108.42571428571429
1,2024-12-21,105.545,104.60714285714285
1,2024-12-22,142.095,100.74642857142855
1,2024-12-23,63.025,95.53714285714285
1,2024-12-24,94.88,96.47642857142856
1,2024-12-25,112.75999999999999,100.80499999999999
1,2024-12-26,49.08,100.33785714285715
1,2024-12-27,107.66499999999999,96.43571428571428
1,2024-12-28,156.215,103.67428571428572
1,2024-12-29,104.16,98.255
1,2024-12-30,94.53,102.75571428571428
1,2024-12-31,97.575,103.14071428571428
1,2025-01-01,98.325,101.07857142857144
1,2025-01-02,93.82000000000001,107.47
1,2025-01-03,96.36,105.855
1,2025-01-04,139.16,103.41857142857144
1,2025-01-05,138.145,108.27357142857144
1,2025-01-06,70.11,104.785
1,2025-01-07,77.23,101.87857142857145
1,2025-01-08,81.30499999999999,99.44714285714285
1,2025-01-09,135.45,105.39428571428572
1,2025-01-10,132.13,110.50428571428571
1,2025-01-11,169.81,114.88285714285713
1,2025-01-12,118.015,112.00714285714285
1,2025-01-13,96.66,115.79999999999998
1,2025-01-14,46.26,111.37571428571427
1,2025-01-15,107.11,115.06214285714285
1,2025-01-16,66.005,105.14142857142856
1,2025-01-17,149.81,107.66714285714285
1,2025-01-18,147.725,104.51214285714286
1,2025-01-19,143.85999999999999,108.2042857142857
1,2025-01-20,84.28,106.43571428571428
1,2025-01-21,88.71,112.5
1,2025-01-22,58.574999999999996,105.56642857142857
1,2025-01-23,75.08,106.86285714285714
1,2025-01-24,106.395,100.66071428571426
1,2025-01-25,131.9,98.39999999999999
1,2025-01-26,115.39999999999999,94.33428571428571
1,2025-01-27,80.03,93.72714285714285
1,2025-01-28,78.445,92.26071428571427
1,2025-01-29,84.95,96.02857142857142
1,2025-01-30,73.92,95.86285714285714
1,2025-01-31,104.42,95.5807142857143
1,2025-02-01,90.06,89.60357142857141
1,2025-02-02,122.865,90.67
1,2025-02-03,134.835,98.49928571428573
1,2025-02-04,63.975,96.43214285714285
1,2025-02-05,89.955,97.14714285714287
1,2025-02-06,63.544999999999995,95.66499999999999
1,2025-02-07,136.41,100.235
1,2025-02-08,141.06,107.52071428571428
1,2025-02-09,129.865,108.52071428571428
1,2025-02-10,82.345,101.02214285714285
1,2025-02-11,88.765,104.56357142857144
1,2025-02-12,107.2,107.02714285714286
1,2025-02-13,101.11,112.39357142857143
1,2025-02-14,143.025,113.33857142857144
1,2025-02-15,88.07,105.76857142857143
1,2025-02-16,122.64,104.73642857142856
1,2025-02-17,69.98,102.97
1,2025-02-18,98.755,104.39714285714285
1,2025-02-19,112.125,105.10071428571428
1,2025-02-20,83.67999999999999,102.61071428571428
1,2025-02-21,144.305,102.79357142857144
1,2025-02-22,111.28,106.10928571428572
1,2025-02-23,112.46,104.655
1,2025-02-24,114.91,111.07357142857143
1,2025-02-25,83.855,108.94500000000001
1,2025-02-26,85.765,105.17928571428571
1,2025-02-27,127.88499999999999,111.49428571428572
1,2025-02-28,112.81,106.995
1,2025-03-01,98.395,105.15428571428572
1,2025-03-02,141.48999999999998,109.30142857142856
1,2025-03-03,94.64999999999999,106.40714285714286
1,2025-03-04,105.75,109.535
1,2025-03-05,79.975,108.70785714285714
1,2025-03-06,67.445,100.07357142857143
1,2025-03-07,154.34,106.00642857142854
1,2025-03-08,134.135,111.11214285714284
1,2025-03-09,107.97,106.32357142857141
1,2025-03-10,82.72,104.61928571428571
1,2025-03-11,89.575,102.30857142857143
1,2025-03-12,98.55,104.96214285714287
1,2025-03-13,56.285,103.36785714285713
1,2025-03-14,121.1,98.61928571428571
1,2025-03-15,124.46,97.23714285714287
1,2025-03-16,114.16499999999999,98.12214285714286
1,2025-03-17,42.545,92.38285714285713
1,2025-03-18,36.455,84.7942857142857
1,2025-03-19,90.075,83.58357142857143
1,2025-03-20,60.01,84.11571428571429
1,2025-03-21,124.585,84.61357142857142
1,2025-03-22,121.705,84.22
1,2025-03-23,73.06,78.34785714285714
1,2025-03-24,81.485,83.91071428571429
1,2025-03-25,64.44,87.90857142857143
1,2025-03-26,55.53,82.97357142857143
1,2025-03-27,66.02499999999999,83.83285714285714
1,2025-03-28,126.335,84.08285714285715
1,2025-03-29,72.275,77.02142857142857
1,2025-03-30,160.17,89.46571428571428
1,2025-03-31,88.61,90.48357142857142
1,2025-04-01,105.81,96.39357142857143
1,2025-04-02,68.785,98.28714285714284
1,2025-04-03,60.48,97.49499999999999
1,2025-04-04,105.975,94.58642857142857
1,2025-04-05,115.06,100.69857142857141
1,2025-04-06,133.21,96.84714285714286
1,2025-04-07,90.32,97.09142857142857
1,2025-04-08,58.385,90.31642857142857
1,2025-04-09,93.395,93.83214285714287
1,2025-04-10,73.005,95.62142857142858
1,2025-04-11,109.395,96.11
1,2025-04-12,119.38,96.72714285714287
1,2025-04-13,105.41499999999999,92.75642857142857
1,2025-04-14,58.074999999999996,88.14999999999999
1,2025-04-15,58.985,88.23571428571428
1,2025-04-16,98.48,88.96214285714287
1,2025-04-17,65.215,87.8492857142857
1,2025-04-18,125.15,90.10000000000001
1,2025-04-19,91.85499999999999,86.16785714285713
1,2025-04-20,177.14,96.41428571428571
1,2025-04-21,103.36999999999999,102.885
1,2025-04-22,96.88,108.29857142857144
1,2025-04-23,134.99,113.51428571428572
1,2025-04-24,82.625,116.00142857142858
1,2025-04-25,179.965,123.83214285714287
1,2025-04-26,127.405,128.91071428571428
1,2025-04-27,108.855,119.1557142857143
1,2025-04-28,82.76,116.21142857142857
1,2025-04-29,56.214999999999996,110.40214285714286
1,2025-04-30,88.955,103.82571428571428
1,2025-05-01,90.57,104.96071428571429
1,2025-05-02,115.755,95.78785714285713
1,2025-05-03,89.095,90.31499999999998
1,2025-05-04,73.405,85.25071428571428
1,2025-05-05,109.425,89.05999999999999
1,2025-05-06,100.49,95.38499999999999
1,2025-05-07,67.99499999999999,92.39071428571428
1,2025-05-08,59.61,87.96785714285714
1,2025-05-09,114.22,87.74857142857142
1,2025-05-10,168.7,99.12071428571427
1,2025-05-11,168.995,112.77642857142857
1,2025-05-12,86.87,109.55428571428571
1,2025-05-13,108.50999999999999,110.7
1,2025-05-14,65.515,110.34571428571428
1,2025-05-15,59.48,110.32714285714285
1,2025-05-16,97.75999999999999,107.97571428571428
1,2025-05-17,118.225,100.765
1,2025-05-18,130.65,95.28714285714285
1,2025-05-19,88.515,95.52214285714285
1,2025-05-20,112.39999999999999,96.07785714285714
1,2025-05-21,75.985,97.57357142857143
1,2025-05-22,119.735,106.18142857142857
1,2025-05-23,158.885,114.91357142857143
1,2025-05-24,149.155,119.33214285714284
1,2025-05-25,117.55,117.46071428571429
1,2025-05-26,82.2,116.55857142857143
1,2025-05-27,75.545,111.29357142857144
1,2025-05-28,125.89999999999999,118.42428571428572
1,2025-05-29,79.435,112.66714285714285
1,2025-05-30,94.035,103.40285714285713
1,2025-05-31,124.735,99.91428571428571
1,2025-06-01,106.465,98.33071428571428
1,2025-06-02,124.015,104.30428571428571
1,2025-06-03,112.46,109.57785714285714
1,2025-06-04,90.905,104.57857142857142
1,2025-06-05,70.375,103.28428571428572
1,2025-06-06,173.15,114.58642857142857
1,2025-06-07,113.355,112.96071428571429
1,2025-06-08,148.15,118.9157142857143
1,2025-06-09,58.059999999999995,109.49357142857143
1,2025-06-10,43.339999999999996,99.61928571428572
1,2025-06-11,90.75999999999999,99.59857142857143
1,2025-06-12,78.315,100.73285714285714
1,2025-06-13,140.21,96.02714285714286
1,2025-06-14,98.375,93.88714285714286
1,2025-06-15,157.2,95.17999999999999
1,2025-06-16,122.065,104.32357142857144
1,2025-06-17,80.2,109.58928571428571
1,2025-06-18,69.275,106.52
1,2025-06-19,107.09,110.63071428571428
1,2025-06-20,98.125,104.61857142857141
1,2025-06-21,104.64999999999999,105.51499999999999
1,2025-06-22,119.095,100.07142857142857
1,2025-06-23,64.845,91.89714285714285
1,2025-06-24,58.195,88.75357142857142
1,2025-06-25,110.59,94.6557142857143
1,2025-06-26,107.52,94.71714285714286
1,2025-06-27,146.92,101.68785714285715
1,2025-06-28,116.695,103.40857142857143
1,2025-06-29,128.245,104.71571428571428
1,2025-06-30,95.77,109.13357142857141
1,2025-07-01,135.18,120.13142857142859
1,2025-07-02,75.485,115.11642857142856
1,2025-07-03,89.855,112.59285714285714
1,2025-07-04,148.1,112.76142857142858
1,2025-07-05,137.945,115.79714285714284
1,2025-07-06,150.045,118.91142857142857
1,2025-07-07,83.53999999999999,117.16428571428571
1,2025-07-08,80.13,109.3
1,2025-07-09,100.14999999999999,112.82357142857143
1,2025-07-10,101.535,114.49214285714285
1,2025-07-11,186.995,120.04857142857142
1,2025-07-12,111.075,116.21000000000001
1,2025-07-13,141.415,114.97714285714285
1,2025-07-14,103.41499999999999,117.81642857142857
1,2025-07-15,93.795,119.76857142857143
1,2025-07-16,67.245,115.06785714285715
1,2025-07-17,101.86999999999999,115.11571428571429
1,2025-07-18,158.565,111.05428571428573
1,2025-07-19,128.26500000000001,113.51
1,2025-07-20,115.34,109.78499999999998
1,2025-07-21,152.4,116.78285714285714
1,2025-07-22,82.99,115.23928571428573
1,2025-07-23,92.33,118.82285714285715
1,2025-07-24,98.86,118.39285714285714
1,2025-07-25,136.665,115.2642857142857
1,2025-07-26,162.64499999999998,120.17571428571429
1,2025-07-27,138.975,123.55214285714285
1,2025-07-28,147.725,122.88428571428571
1,2025-07-29,109.17999999999999,126.62571428571427
1,2025-07-30,103.485,128.21928571428572
1,2025-07-31,134.535,133.31571428571428
1,2025-08-01,93.2,127.10642857142857
1,2025-08-02,93.645,117.2492857142857
1,2025-08-03,119.35,114.44571428571429
1,2025-08-04,124.405,111.11428571428571
1,2025-08-05,67.64,105.17999999999999
1,2025-08-06,89.685,103.20857142857143
1,2025-08-07,74.0,94.56071428571428
1,2025-08-08,82.455,93.0257142857143
1,2025-08-09,153.065,101.51428571428572
1,2025-08-10,186.63,111.12571428571428
1,2025-08-11,129.255,111.81857142857143
1,2025-08-12,70.565,112.23642857142856
1,2025-08-13,85.205,111.59642857142856
1,2025-08-14,107.87,116.43499999999999
1,2025-08-15,140.18,124.68142857142857
1,2025-08-16,129.23,121.27642857142857
1,2025-08-17,131.335,113.37714285714286
1,2025-08-18,111.39999999999999,110.82642857142856
1,2025-08-19,94.91499999999999,114.30499999999999
1,2025-08-20,73.895,112.68928571428572
1,2025-08-21,51.915,104.69571428571429
1,2025-08-22,105.11999999999999,99.68714285714286
1,2025-08-23,154.905,103.355
1,2025-08-24,151.825,106.28214285714284
1,2025-08-25,74.2,100.96785714285714
1,2025-08-26,89.89999999999999,100.25142857142858
1,2025-08-27,159.72,112.51214285714286
1,2025-08-28,101.145,119.54499999999999
1,2025-08-29,126.05499999999999,122.53571428571429
1,2025-08-30,148.255,121.58571428571427
1,2025-08-31,153.965,121.89142857142856
1,2025-09-01,130.765,129.97214285714284
1,2025-09-02,118.55,134.065
1,2025-09-03,74.33,121.86642857142856
1,2025-09-04,84.59,119.50142857142858
1,2025-09-05,119.895,118.62142857142855
1,2025-09-06,100.34,111.77642857142858
1,2025-09-07,77.32,100.82714285714285
1,2025-09-08,81.085,93.73
1,2025-09-09,122.71,94.32428571428571
1,2025-09-10,72.27,94.03
1,2025-09-11,74.615,92.605
1,2025-09-12,110.5,91.26285714285714
1,2025-09-13,116.07,93.50999999999999
1,2025-09-14,146.82999999999998,103.43999999999998
1,2025-09-15,63.065,100.86571428571428
1,2025-09-16,75.07,94.05999999999997
1,2025-09-17,79.6,95.10714285714285
1,2025-09-18,63.61,93.53499999999998
1,2025-09-19,121.595,95.11999999999999
1,2025-09-20,143.735,99.07214285714285
1,2025-09-21,142.415,98.44142857142856
1,2025-09-22,66.045,98.86714285714287
1,2025-09-23,76.5,99.07142857142857
1,2025-09-24,49.655,94.79357142857144
1,2025-09-25,89.075,98.43142857142857
1,2025-09-26,150.51,102.56214285714285
1,2025-09-27,155.13,104.18999999999998
1,2025-09-28,101.55,98.35214285714287
1,2025-09-29,60.17,97.51285714285713
1,2025-09-30,93.39999999999999,99.92714285714284
1,2025-10-01,99.31,107.02071428571428
1,2025-10-02,84.28999999999999,106.33714285714284
1,2025-10-03,115.60499999999999,101.35071428571428
1,2025-10-04,114.26,95.51214285714286
1,2025-10-05,144.64,101.66785714285713
1,2025-10-06,109.91,108.77357142857143
1,2025-10-07,44.199999999999996,101.745
1,2025-10-08,103.715,102.3742857142857
1,2025-10-09,67.84,100.02428571428571
1,2025-10-10,115.65,100.03071428571427
1,2025-10-11,108.48,99.205
1,2025-10-12,106.355,93.73571428571428
1,2025-10-13,74.19,88.63285714285715
1,2025-10-14,70.365,92.37071428571429
1,2025-10-15,67.2,87.15428571428572
1,2025-10-16,77.635,88.55357142857143
1,2025-10-17,124.85,89.86785714285715
1,2025-10-18,140.95,94.50642857142857
1,2025-10-19,208.2,109.05571428571427
1,2025-10-20,117.895,115.29928571428572
1,2025-10-21,87.57,117.75714285714285
1,2025-10-22,99.49,122.36999999999999
1,2025-10-23,108.205,126.73714285714286
1,2025-10-24,116.145,125.49357142857141
1,2025-10-25,173.635,130.16285714285715
1,2025-10-26,130.825,119.10928571428572
1,2025-10-27,145.215,123.01214285714285
1,2025-10-28,118.94,127.49357142857141
1,2025-10-29,78.385,124.47857142857143
1,2025-10-30,68.665,118.83
1,2025-10-31,130.43,120.87071428571429
1,2025-11-01,121.405,113.40928571428572
1,2025-11-02,104.625,109.66642857142858
1,2025-11-03,72.945,99.34214285714286
1,2025-11-04,71.66,92.58785714285715
1,2025-11-05,94.395,94.875
1,2025-11-06,132.605,104.00928571428572
1,2025-11-07,140.09,105.3892857142857
1,2025-11-08,158.68,110.71428571428571
1,2025-11-09,127.94999999999999,114.04642857142856
1,2025-11-10,89.525,116.41499999999999
1,2025-11-11,70.43,116.23928571428571
1,2025-11-12,92.47,115.96428571428571
1,2025-11-13,82.695,108.8342857142857
1,2025-11-14,136.65,108.34285714285716
1,2025-11-15,156.95,108.09571428571428
1,2025-11-16,106.53,105.03571428571429
1,2025-11-17,93.795,105.64571428571428
1,2025-11-18,144.095,116.1692857142857
1,2025-11-19,107.57,118.32642857142856
1,2025-11-20,76.52499999999999,117.44500000000001
1,2025-11-21,147.54999999999998,119.00214285714284
1,2025-11-22,137.91,116.28214285714286
1,2025-11-23,145.14,121.79785714285715
1,2025-11-24,119.355,125.44928571428571
1,2025-11-25,128.55,123.22857142857141
1,2025-11-26,103.575,122.65785714285714
1,2025-11-27,82.97,123.57857142857142
1,2025-11-28,117.71,119.3157142857143
1,2025-11-29,139.415,119.53071428571427
1,2025-11-30,160.37,121.70642857142856
2,2024-06-01,123.125,123.125
2,2024-06-02,145.715,134.42000000000002
2,2024-06-03,71.27499999999999,113.37166666666667
2,2024-06-04,92.475,108.1475
2,2024-06-05,66.535,99.825
2,2024-06-06,57.39,92.7525
2,2024-06-07,94.455,92.99571428571429
2,2024-06-08,129.95,93.97071428571428
2,2024-06-09,137.325,92.77214285714285
2,2024-06-10,77.965,93.72785714285713
2,2024-06-11,91.39999999999999,93.5742857142857
2,2024-06-12,109.35,99.69071428571428
2,2024-06-13,120.795,108.74857142857142
2,2024-06-14,81.64,106.91785714285713
2,2024-06-15,104.03,103.215
2,2024-06-16,132.57,102.53571428571429
2,2024-06-17,84.21,103.42785714285715
2,2024-06-18,71.345,100.56285714285715
2,2024-06-19,67.03999999999999,94.51857142857143
2,2024-06-20,36.815,82.52142857142859
2,2024-06-21,114.03,87.14857142857143
2,2024-06-22,87.435,84.77785714285713
2,2024-06-23,108.0,81.26785714285714
2,2024-06-24,102.06,83.81785714285715
2,2024-06-25,85.595,85.85357142857143
2,2024-06-26,65.48,85.63071428571428
2,2024-06-27,58.735,88.76214285714285
2,2024-06-28,115.715,89.00285714285714
2,2024-06-29,127.59,94.73928571428573
2,2024-06-30,83.255,91.20428571428572
2,2024-07-01,87.525,89.12785714285714
2,2024-07-02,77.255,87.93642857142856
2,2024-07-03,132.73499999999999,97.54428571428572
2,2024-07-04,94.59,102.66642857142858
2,2024-07-05,128.105,104.43642857142858
2,2024-07-06,132.01,105.06785714285714
2,2024-07-07,132.34,112.08
2,2024-07-08,84.205,111.60571428571428
2,2024-07-09,109.35,116.1907142857143
2,2024-07-10,109.1,112.8142857142857
2,2024-07-11,104.38,114.21285714285713
2,2024-07-12,85.42,108.11500000000001
2,2024-07-13,154.14,111.27642857142858
2,2024-07-14,139.475,112.29571428571428
2,2024-07-15,103.895,115.10857142857142
2,2024-07-16,104.0,114.3442857142857
2,2024-07-17,123.175,116.355
2,2024-07-18,85.28999999999999,113.62785714285714
2,2024-07-19,147.95499999999998,122.56142857142856
2,2024-07-20,112.53999999999999,116.61857142857141
2,2024-07-21,111.375,112.60428571428572
2,2024-07-22,80.965,109.32857142857142
2,2024-07-23,116.0,111.04285714285713
2,2024-07-24,128.73499999999999,111.83714285714284
2,2024-07-25,55.665,107.605
2,2024-07-26,136.76999999999998,106.00714285714285
2,2024-07-27,103.795,104.75785714285713
2,2024-07-28,98.49,102.91714285714285
2,2024-07-29,122.925,108.91142857142856
2,2024-07-30,59.68,100.86571428571428
2,2024-07-31,72.75,92.86785714285715
2,2024-08-01,56.08,92.92714285714284
2,2024-08-02,148.70499999999998,94.63214285714285
2,2024-08-03,157.29,102.27428571428571
2,2024-08-04,97.565,102.14214285714286
2,2024-08-05,75.365,95.34785714285715
2,2024-08-06,113.91499999999999,103.09571428571428
2,2024-08-07,37.53,98.0642857142857
2,2024-08-08,91.115,103.06928571428571
2,2024-08-09,125.52499999999999,99.75785714285713
2,2024-08-10,117.515,94.07571428571428
2,2024-08-11,107.25999999999999,95.46071428571427
2,2024-08-12,67.81,94.38142857142857
2,2024-08-13,107.485,93.46285714285715
2,2024-08-14,70.115,98.11785714285715
2,2024-08-15,71.7,95.3442857142857
2,2024-08-16,60.48,86.05214285714285
2,2024-08-17,146.095,90.135
2,2024-08-18,106.37,90.00785714285715
2,2024-08-19,86.335,92.6542857142857
2,2024-08-20,83.535,89.23285714285714
2,2024-08-21,63.33,88.26357142857144
2,2024-08-22,107.05499999999999,93.31428571428572
2,2024-08-23,131.355,103.43928571428572
2,2024-08-24,102.39999999999999,97.19714285714285
2,2024-08-25,116.72,98.67571428571428
2,2024-08-26,29.884999999999998,90.61142857142856
2,2024-08-27,80.36,90.15785714285713
2,2024-08-28,77.05,92.11785714285715
2,2024-08-29,92.77499999999999,90.07785714285714
2,2024-08-30,129.67,89.83714285714284
2,2024-08-31,139.125,95.08357142857143
2,2024-09-01,117.00999999999999,95.125
2,2024-09-02,86.03999999999999,103.14714285714285
2,2024-09-03,53.745,99.345
2,2024-09-04,62.54,97.27214285714285
2,2024-09-05,76.235,94.90928571428572
2,2024-09-06,114.58,92.7535714285714
2,2024-09-07,107.765,88.27357142857143
2,2024-09-08,94.22,85.01785714285714
2,2024-09-09,72.06,83.02071428571428
2,2024-09-10,108.55499999999999,90.85071428571429
2,2024-09-11,117.64,98.72214285714286
2,2024-09-12,81.5,99.47428571428573
2,2024-09-13,145.275,103.85928571428572
2,2024-09-14,136.215,107.92357142857144
2,2024-09-15,151.575,116.11714285714285
2,2024-09-16,106.50999999999999,121.03857142857143
2,2024-09-17,56.425,113.59142857142857
2,2024-09-18,89.64,109.59142857142857
2,2024-09-19,90.11,110.82142857142857
2,2024-09-20,91.96,103.205
2,2024-09-21,83.55499999999999,95.68214285714285
2,2024-09-22,104.425,88.94642857142857
2,2024-09-23,64.52,82.94785714285715
2,2024-09-24,49.855,82.00928571428571
2,2024-09-25,127.985,87.48714285714286
2,2024-09-26,72.05,84.90714285714284
2,2024-09-27,129.085,90.21071428571429
2,2024-09-28,108.66,93.79714285714284
2,2024-09-29,94.735,92.41285714285713
2,2024-09-30,74.385,93.82214285714285
2,2024-10-01,89.065,99.42357142857144
2,2024-10-02,66.56,90.64857142857143
2,2024-10-03,58.315,88.68642857142858
2,2024-10-04,135.57,89.61285714285714
2,2024-10-05,79.08,85.38714285714286
2,2024-10-06,117.6,88.65357142857144
2,2024-10-07,55.44,85.94714285714285
2,2024-10-08,72.56,83.58928571428571
2,2024-10-09,65.745,83.47285714285715
2,2024-10-10,104.865,90.12285714285713
2,2024-10-11,82.14,82.49000000000001
2,2024-10-12,78.515,82.40928571428572
2,2024-10-13,68.96,75.46071428571429
2,2024-10-14,75.14,78.27499999999999
2,2024-10-15,68.30499999999999,77.66714285714285
2,2024-10-16,75.645,79.08142857142856
2,2024-10-17,89.46,76.88071428571428
2,2024-10-18,144.685,85.8157142857143
2,2024-10-19,102.125,89.18857142857142
2,2024-10-20,112.865,95.46071428571427
2,2024-10-21,159.04,107.44642857142857
2,2024-10-22,69.44,107.60857142857142
2,2024-10-23,115.57,113.31214285714285
2,2024-10-24,66.38499999999999,110.01571428571427
2,2024-10-25,98.81,103.46214285714287
2,2024-10-26,154.69,110.97142857142856
2,2024-10-27,105.49499999999999,109.91857142857143
2,2024-10-28,43.964999999999996,93.4792857142857
2,2024-10-29,79.21,94.875
2,2024-10-30,94.125,91.81142857142858
2,2024-10-31,59.85,90.87785714285715
2,2024-11-01,126.99,94.90357142857144
2,2024-11-02,104.595,87.74714285714286
2,2024-11-03,126.2,90.705
2,2024-11-04,84.63,96.5142857142857
2,2024-11-05,103.49499999999999,99.98357142857142
2,2024-11-06,130.545,105.18642857142858
2,2024-11-07,62.01,105.495
2,2024-11-08,90.75999999999999,100.3192857142857
2,2024-11-09,100.83,99.78142857142856
2,2024-11-10,164.34,105.23
2,2024-11-11,47.86,99.97714285714287
2,2024-11-12,113.96,101.47214285714287
2,2024-11-13,117.225,99.5692857142857
2,2024-11-14,97.845,104.68857142857142
2,2024-11-15,170.02,116.01142857142857
2,2024-11-16,132.59,120.54857142857144
2,2024-11-17,153.445,118.99214285714285
2,2024-11-18,69.21,122.04214285714285
2,2024-11-19,116.92,122.46500000000002
2,2024-11-20,112.185,121.745
2,2024-11-21,93.17,121.07714285714285
2,2024-11-22,138.395,116.5592857142857
2,2024-11-23,122.535,115.12285714285714
2,2024-11-24,99.475,107.41285714285712
2,2024-11-25,61.39,106.2957142857143
2,2024-11-26,96.325,103.35357142857143
2,2024-11-27,94.53999999999999,100.83285714285714
2,2024-11-28,120.185,104.69214285714285
2,2024-11-29,154.175,106.94642857142857
2,2024-11-30,95.685,103.11071428571428
2,2024-12-01,139.475,108.825
2,2024-12-02,122.96499999999999,117.62142857142855
2,2024-12-03,49.394999999999996,110.91714285714286
2,2024-12-04,72.085,107.70928571428571
2,2024-12-05,91.235,103.57357142857143
2,2024-12-06,140.595,101.63357142857141
2,2024-12-07,163.315,111.29499999999999
2,2024-12-08,151.48,113.00999999999999
2,2024-12-09,91.13,108.46214285714287
2,2024-12-10,98.91,115.53571428571426
2,2024-12-11,100.99,119.66499999999999
2,2024-12-12,88.895,119.33071428571428
2,2024-12-13,138.23499999999999,118.99357142857141
2,2024-12-14,96.97,109.51571428571428
2,2024-12-15,85.17,100.04285714285713
2,2024-12-16,81.155,98.61785714285713
2,2024-12-17,90.845,97.46571428571428
2,2024-12-18,82.775,94.86357142857142
2,2024-12-19,81.43,93.79714285714286
2,2024-12-20,181.555,99.9857142857143
2,2024-12-21,125.61,104.07714285714285
2,2024-12-22,138.44,111.68714285714286
2,2024-12-23,88.555,112.74428571428572
2,2024-12-24,85.37,111.96214285714288
2,2024-12-25,85.115,112.29642857142858
2,2024-12-26,123.67,118.3307142857143
2,2024-12-27,146.505,113.32357142857143
2,2024-12-28,128.405,113.72285714285715
2,2024-12-29,102.2,108.5457142857143
2,2024-12-30,108.835,111.44285714285715
2,2024-12-31,54.97,107.10000000000001
2,2025-01-01,118.485,111.86714285714287
2,2025-01-02,102.66,108.86571428571428
2,2025-01-03,121.25,105.25785714285713
2,2025-01-04,120.98,104.19714285714285
2,2025-01-05,122.595,107.11071428571428
2,2025-01-06,91.035,104.56785714285715
2,2025-01-07,92.815,109.9742857142857
2,2025-01-08,66.965,102.61428571428571
2,2025-01-09,57.155,96.11357142857143
2,2025-01-10,102.06,93.37214285714286
2,2025-01-11,90.205,88.97571428571429
2,2025-01-12,80.115,82.90714285714284
2,2025-01-13,91.155,82.92428571428572
2,2025-01-14,101.545,84.17142857142858
2,2025-01-15,115.67,91.12928571428571
2,2025-01-16,127.265,101.145
2,2025-01-17,120.46,103.77357142857143
2,2025-01-18,116.125,107.47642857142857
2,2025-01-19,81.235,107.63642857142858
2,2025-01-20,42.04,100.62
2,2025-01-21,98.645,100.20571428571428
2,2025-01-22,88.925,96.38499999999999
2,2025-01-23,107.2,93.51857142857143
2,2025-01-24,183.475,102.52071428571428
2,2025-01-25,117.2,102.6742857142857
2,2025-01-26,86.455,103.41999999999999
2,2025-01-27,103.09,112.14142857142858
2,2025-01-28,84.41,110.10785714285714
2,2025-01-29,90.515,110.33500000000001
2,2025-01-30,69.485,104.94714285714285
2,2025-01-31,133.08,97.74785714285714
2,2025-02-01,129.185,99.46000000000001
2,2025-02-02,109.38,102.735
2,2025-02-03,84.08,100.01928571428572
2,2025-02-04,57.235,96.13714285714286
2,2025-02-05,64.445,92.41285714285713
2,2025-02-06,128.06,100.7807142857143
2,2025-02-07,87.375,94.25142857142858
2,2025-02-08,98.32,89.84214285714286
2,2025-02-09,143.51,94.71785714285714
2,2025-02-10,83.895,94.69142857142856
2,2025-02-11,78.845,97.77857142857142
2,2025-02-12,57.115,96.73142857142857
2,2025-02-13,94.695,91.96499999999999
2,2025-02-14,125.91499999999999,97.47071428571428
2,2025-02-15,84.815,95.54142857142857
2,2025-02-16,91.87,88.16428571428571
2,2025-02-17,69.48,86.105
2,2025-02-18,68.36,84.60714285714286
2,2025-02-19,59.04,84.88214285714285
2,2025-02-20,67.635,81.01642857142858
2,2025-02-21,110.17999999999999,78.76857142857143
2,2025-02-22,123.89999999999999,84.35214285714285
2,2025-02-23,129.23,89.6892857142857
2,2025-02-24,85.28,91.94642857142857
2,2025-02-25,63.714999999999996,91.28285714285714
2,2025-02-26,117.25,99.59857142857142
2,2025-02-27,62.294999999999995,98.83571428571429
2,2025-02-28,134.1,102.25285714285714
2,2025-03-01,106.745,99.80214285714284
2,2025-03-02,121.215,98.65714285714286
2,2025-03-03,99.035,100.62214285714285
2,2025-03-04,93.99,104.94714285714285
2,2025-03-05,74.725,98.87214285714286
2,2025-03-06,95.485,103.61357142857142
2,2025-03-07,96.775,98.28142857142858
2,2025-03-08,127.685,101.27285714285715
2,2025-03-09,126.69999999999999,102.05642857142857
2,2025-03-10,66.015,97.33928571428571
2,2025-03-11,120.59,101.13928571428572
2,2025-03-12,87.42999999999999,102.9542857142857
2,2025-03-13,60.1,97.89928571428571
2,2025-03-14,121.28999999999999,101.40142857142857
2,2025-03-15,93.94999999999999,96.58214285714287
2,2025-03-16,108.72500000000001,94.01428571428572
2,2025-03-17,38.339999999999996,90.06071428571428
2,2025-03-18,47.074999999999996,79.55857142857143
2,2025-03-19,82.855,78.905
2,2025-03-20,90.89999999999999,83.30499999999999
2,2025-03-21,104.985,80.97571428571429
2,2025-03-22,123.855,85.24785714285714
2,2025-03-23,140.525,89.7907142857143
2,2025-03-24,72.24,94.63357142857141
2,2025-03-25,58.975,96.33357142857143
2,2025-03-26,86.5,96.85428571428572
2,2025-03-27,67.73,93.54428571428572
2,2025-03-28,98.85,92.66785714285716
2,2025-03-29,137.995,94.68785714285715
2,2025-03-30,108.32,90.08714285714284
2,2025-03-31,66.13,89.21428571428571
2,2025-04-01,83.625,92.7357142857143
2,2025-04-02,81.12,91.96714285714286
2,2025-04-03,107.645,97.66928571428572
2,2025-04-04,105.55,98.62642857142858
2,2025-04-05,157.345,101.39071428571428
2,2025-04-06,93.445,99.26571428571427
2,2025-04-07,83.365,101.72785714285715
2,2025-04-08,104.195,104.66642857142858
2,2025-04-09,70.17999999999999,103.10357142857143
2,2025-04-10,103.675,102.53642857142856
2,2025-04-11,210.54,117.53499999999998
2,2025-04-12,117.02,111.77428571428571
2,2025-04-13,107.89999999999999,113.83928571428571
2,2025-04-14,66.625,111.44785714285715
2,2025-04-15,68.27,106.31571428571428
2,2025-04-16,96.1,110.01857142857143
2,2025-04-17,101.28,109.67642857142857
2,2025-04-18,141.25,99.77785714285713
2,2025-04-19,92.63,96.29357142857143
2,2025-04-20,136.655,100.40142857142857
2,2025-04-21,110.475,106.66571428571429
2,2025-04-22,48.94,103.9042857142857
2,2025-04-23,73.735,100.7092857142857
2,2025-04-24,103.83,101.07357142857143
2,2025-04-25,149.56,102.26071428571429
2,2025-04-26,65.975,98.45285714285714
2,2025-04-27,134.365,98.12571428571428
2,2025-04-28,76.385,93.25571428571428
2,2025-04-29,77.615,97.35214285714285
2,2025-04-30,94.895,100.375
2,2025-05-01,101.84,100.09071428571428
2,2025-05-02,111.59,94.66642857142858
2,2025-05-03,133.715,104.34357142857142
2,2025-05-04,84.02,97.15142857142858
2,2025-05-05,100.265,100.56285714285715
2,2025-05-06,121.045,106.76714285714286
2,2025-05-07,73.755,103.74714285714286
2,2025-05-08,47.605,95.99928571428572
2,2025-05-09,125.615,98.00285714285714
2,2025-05-10,116.75999999999999,95.5807142857143
2,2025-05-11,106.755,98.82857142857142
2,2025-05-12,65.75,93.89785714285713
2,2025-05-13,68.63499999999999,86.41071428571429
2,2025-05-14,124.905,93.71785714285714
2,2025-05-15,69.735,96.87928571428571
2,2025-05-16,127.73,97.18142857142857
2,2025-05-17,102.185,95.0992857142857
2,2025-05-18,134.765,99.10071428571428
2,2025-05-19,69.025,99.56857142857143
2,2025-05-20,55.945,97.75571428571428
2,2025-05-21,112.96,96.04928571428572
2,2025-05-22,78.66,97.32428571428571
2,2025-05-23,100.62,93.45142857142856
2,2025-05-24,138.225,98.60000000000001
2,2025-05-25,123.715,97.02142857142859
2,2025-05-26,93.765,100.55571428571429
2,2025-05-27,71.21,102.73642857142856
2,2025-05-28,104.42,101.51642857142858
2,2025-05-29,79.52499999999999,101.64
2,2025-05-30,95.495,100.90785714285714
2,2025-05-31,147.885,102.28785714285713
2,2025-06-01,101.11999999999999,99.05999999999999
2,2025-06-02,92.28999999999999,98.8492857142857
2,2025-06-03,116.55,105.32642857142856
2,2025-06-04,30.035,94.7
2,2025-06-05,65.375,92.67857142857143
2,2025-06-06,77.97,90.17499999999998
2,2025-06-07,150.555,90.55642857142857
2,2025-06-08,142.92499999999998,96.52857142857142
2,2025-06-09,87.57,95.85428571428572
2,2025-06-10,75.2,89.94714285714285
2,2025-06-11,57.705,93.89999999999999
2,2025-06-12,121.3,101.8892857142857
2,2025-06-13,116.28,107.36214285714286
2,2025-06-14,64.195,95.02499999999999
2,2025-06-15,77.58,85.68999999999998
2,2025-06-16,70.36,83.23142857142857
2,2025-06-17,82.52499999999999,84.27785714285713
2,2025-06-18,90.21,88.92142857142856
2,2025-06-19,75.725,82.41071428571429
2,2025-06-20,131.525,84.58857142857141
2,2025-06-21,94.085,88.85857142857142
2,2025-06-22,153.335,99.68071428571429
2,2025-06-23,60.464999999999996,98.26714285714286
2,2025-06-24,89.695,99.29142857142857
2,2025-06-25,81.44,98.03857142857143
2,2025-06-26,102.67999999999999,101.88928571428572
2,2025-06-27,159.14,105.83428571428571
2,2025-06-28,124.55,110.18642857142856
2,2025-06-29,123.95,105.98857142857142
2,2025-06-30,90.815,110.32428571428571
2,2025-07-01,87.365,109.99142857142856
2,2025-07-02,90.065,111.22357142857142
2,2025-07-03,72.98,106.98071428571428
2,2025-07-04,160.555,107.18285714285715
2,2025-07-05,134.23,108.5657142857143
2,2025-07-06,125.735,108.82071428571429
2,2025-07-07,156.10999999999999,118.14857142857143
2,2025-07-08,133.985,124.80857142857144
2,2025-07-09,100.78,126.33928571428571
2,2025-07-10,88.67999999999999,128.58214285714286
2,2025-07-11,187.385,132.415
2,2025-07-12,185.09,139.6807142857143
2,2025-07-13,116.28999999999999,138.33142857142857
2,2025-07-14,63.055,125.03785714285713
2,2025-07-15,126.83,124.01571428571428
2,2025-07-16,56.945,117.75357142857142
2,2025-07-17,113.18,121.25357142857142
2,2025-07-18,127.63,112.71714285714286
2,2025-07-19,123.785,103.9592857142857
2,2025-07-20,192.715,114.87714285714286
2,2025-07-21,62.095,114.74000000000001
2,2025-07-22,76.755,107.58642857142857
2,2025-07-23,100.00999999999999,113.73857142857142
2,2025-07-24,76.23,108.46000000000001
2,2025-07-25,159.28,112.98142857142857
2,2025-07-26,146.54,116.23214285714286
2,2025-07-27,153.93,110.69142857142857
2,2025-07-28,108.985,117.39
2,2025-07-29,44.98,112.85071428571428
2,2025-07-30,73.28999999999999,109.03357142857143
2,2025-07-31,72.02,108.43214285714285
2,2025-08-01,81.65,97.34214285714286
2,2025-08-02,85.06,88.55928571428572
2,2025-08-03,137.935,86.27428571428571
2,2025-08-04,88.13,83.295
2,2025-08-05,102.0,91.4407142857143
2,2025-08-06,133.85999999999999,100.09357142857142
2,2025-08-07,122.82,107.35071428571429
2,2025-08-08,142.855,116.09428571428569
2,2025-08-09,96.82,117.77428571428571
2,2025-08-10,119.71,115.17071428571428
2,2025-08-11,67.22,112.18357142857143
2,2025-08-12,75.1,108.34071428571427
2,2025-08-13,115.28999999999999,105.68785714285714
2,2025-08-14,90.39999999999999,101.05642857142857
2,2025-08-15,90.885,93.63214285714285
2,2025-08-16,116.865,96.49571428571429
2,2025-08-17,131.29,98.14999999999999
2,2025-08-18,100.38,102.88714285714286
2,2025-08-19,86.99,104.58571428571429
2,2025-08-20,106.98,103.39857142857143
2,2025-08-21,112.99,106.62571428571427
2,2025-08-22,130.025,112.21714285714286
2,2025-08-23,69.825,105.49714285714285
2,2025-08-24,158.35999999999999,109.36428571428571
2,2025-08-25,79.89999999999999,106.43857142857142
2,2025-08-26,100.33,108.3442857142857
2,2025-08-27,83.64,105.01
2,2025-08-28,89.05,101.59
2,2025-08-29,159.62,105.81785714285715
2,2025-08-30,157.06,118.28
2,2025-08-31,121.865,113.06642857142857
2,2025-09-01,135.185,120.96428571428571
2,2025-09-02,100.485,120.98642857142856
2,2025-09-03,94.42999999999999,122.52785714285713
2,2025-09-04,89.715,122.62285714285714
2,2025-09-05,139.45,119.74142857142859
2,2025-09-06,123.465,114.94214285714284
2,2025-09-07,130.945,116.23928571428571
2,2025-09-08,78.485,108.13928571428572
2,2025-09-09,60.4,102.41285714285713
2,2025-09-10,60.9,97.62285714285714
2,2025-09-11,88.99499999999999,97.52
2,2025-09-12,134.07,96.75142857142858
2,2025-09-13,167.42,103.0307142857143
2,2025-09-14,94.735,97.85785714285714
2,2025-09-15,79.42999999999999,97.99285714285713
2,2025-09-16,98.88,103.49
2,2025-09-17,71.47,105.0
2,2025-09-18,84.67999999999999,104.38357142857141
2,2025-09-19,208.09,114.95785714285715
2,2025-09-20,111.17999999999999,106.92357142857142
2,2025-09-21,116.58999999999999,110.04571428571428
2,2025-09-22,107.71,114.08571428571429
2,2025-09-23,115.175,116.41357142857143
2,2025-09-24,91.56,119.28357142857142
2,2025-09-25,123.19,124.785
2,2025-09-26,137.71,114.73071428571428
2,2025-09-27,120.94,116.125
2,2025-09-28,134.19,118.63928571428572
2,2025-09-29,112.7,119.35214285714285
2,2025-09-30,84.705,114.99928571428572
2,2025-10-01,76.83,112.895
2,2025-10-02,73.88499999999999,105.85142857142857
2,2025-10-03,117.475,102.96071428571427
2,2025-10-04,136.87,105.23642857142856
2,2025-10-05,114.77,102.46214285714287
2,2025-10-06,88.8,99.04785714285715
2,2025-10-07,92.46,100.1557142857143
2,2025-10-08,50.87,96.44714285714285
2,2025-10-09,90.60499999999999,98.83571428571427
2,2025-10-10,72.5,92.41071428571429
2,2025-10-11,175.53,97.93357142857143
2,2025-10-12,160.23,104.42785714285715
2,2025-10-13,128.675,110.1242857142857
2,2025-10-14,91.35,109.96571428571428
2,2025-10-15,70.86,112.82142857142857
2,2025-10-16,61.309999999999995,108.63642857142857
2,2025-10-17,204.155,127.4442857142857
2,2025-10-18,130.265,120.97785714285715
2,2025-10-19,154.255,120.1242857142857
2,2025-10-20,55.975,109.73857142857142
2,2025-10-21,96.88,110.52857142857142
2,2025-10-22,80.17999999999999,111.86
2,2025-10-23,78.675,114.34071428571428
2,2025-10-24,193.025,112.75071428571428
2,2025-10-25,128.345,112.47642857142857
2,2025-10-26,111.325,106.34357142857142
2,2025-10-27,83.51,110.27714285714286
2,2025-10-28,72.42,106.78285714285714
2,2025-10-29,60.565,103.98071428571428
2,2025-10-30,119.78999999999999,109.85428571428572
2,2025-10-31,152.92,104.125
2,2025-11-01,128.62,104.16428571428571
2,2025-11-02,111.545,104.19571428571427
2,2025-11-03,104.97,107.26142857142857
2,2025-11-04,129.49,115.41428571428571
2,2025-11-05,68.775,116.58714285714284
2,2025-11-06,112.685,115.57214285714285
2,2025-11-07,162.765,116.97857142857143
2,2025-11-08,155.51,120.82000000000001
2,2025-11-09,143.92499999999998,125.44571428571429
2,2025-11-10,61.385,119.2192857142857
2,2025-11-11,125.87,118.70214285714285
2,2025-11-12,91.065,121.88642857142857
2,2025-11-13,108.345,121.26642857142856
2,2025-11-14,164.9,121.57142857142857
2,2025-11-15,127.86999999999999,117.62285714285713
2,2025-11-16,135.31,116.39214285714286
2,2025-11-17,94.99,121.19285714285715
2,2025-11-18,85.205,115.38357142857141
2,2025-11-19,135.82,121.77714285714285
2,2025-11-20,113.17999999999999,122.46785714285714
2,2025-11-21,156.355,121.24714285714286
2,2025-11-22,151.155,124.57357142857143
2,2025-11-23,166.88,129.08357142857142
2,2025-11-24,108.805,131.05714285714285
2,2025-11-25,98.57,132.96642857142857
2,2025-11-26,116.605,130.22142857142856
2,2025-11-27,83.05,125.91714285714286
2,2025-11-28,143.665,124.10428571428572
2,2025-11-29,161.73499999999999,125.61571428571428
2,2025-11-30,103.675,116.58642857142857
3,2024-06-01,85.935,85.935
3,2024-06-02,148.005,116.97
3,2024-06-03,95.47,109.80333333333333
3,2024-06-04,66.675,99.02125
3,2024-06-05,46.32,88.481
3,2024-06-06,103.42999999999999,90.97250000000001
3,2024-06-07,68.56,87.77071428571428
3,2024-06-08,131.795,94.32214285714285
3,2024-06-09,76.105,84.05071428571429
3,2024-06-10,90.46,83.33500000000001
3,2024-06-11,74.55499999999999,84.46071428571427
3,2024-06-12,56.75,85.95071428571428
3,2024-06-13,113.7,87.41785714285713
3,2024-06-14,130.115,96.21142857142857
3,2024-06-15,128.455,95.73428571428572
3,2024-06-16,124.44,102.6392857142857
3,2024-06-17,144.24,110.32214285714288
3,2024-06-18,100.39999999999999,114.01428571428572
3,2024-06-19,51.964999999999996,113.33071428571428
3,2024-06-20,63.97,106.22642857142857
3,2024-06-21,99.53,101.85714285714286
3,2024-06-22,126.67,101.60214285714287
3,2024-06-23,133.63,102.91499999999999
3,2024-06-24,92.415,95.51142857142858
3,2024-06-25,106.045,96.31785714285714
3,2024-06-26,44.115,95.19642857142857
3,2024-06-27,54.769999999999996,93.88214285714285
3,2024-06-28,107.815,95.0657142857143
3,2024-06-29,76.235,87.86071428571428
3,2024-06-30,112.02499999999999,84.77428571428571
3,2024-07-01,88.195,84.17142857142856
3,2024-07-02,56.245,77.05714285714285
3,2024-07-03,80.71,82.285
3,2024-07-04,118.195,91.34571428571428
3,2024-07-05,117.52,92.73214285714285
3,2024-07-06,147.35999999999999,102.89285714285712
3,2024-07-07,120.3,104.07499999999997
3,2024-07-08,55.185,99.35928571428572
3,2024-07-09,82.105,103.05357142857143
3,2024-07-10,73.64,102.04357142857143
3,2024-07-11,86.0,97.44428571428571
3,2024-07-12,154.745,102.76214285714286
3,2024-07-13,110.02,97.42785714285715
3,2024-07-14,63.75,89.34928571428573
3,2024-07-15,58.82,89.86857142857143
3,2024-07-16,76.825,89.11428571428571
3,2024-07-17,76.07,89.46142857142857
3,2024-07-18,89.975,90.0292857142857
3,2024-07-19,146.46,88.84571428571428
3,2024-07-20,110.485,88.91214285714285
3,2024-07-21,73.74,90.33928571428571
3,2024-07-22,115.06,98.37357142857142
3,2024-07-23,95.155,100.99214285714287
3,2024-07-24,53.585,97.77999999999999
3,2024-07-25,66.76,94.46357142857141
3,2024-07-26,162.73,96.78785714285713
3,2024-07-27,142.555,101.36928571428572
3,2024-07-28,68.595,100.63428571428572
3,2024-07-29,58.28,92.52285714285715
3,2024-07-30,80.78,90.4692857142857
3,2024-07-31,79.64,94.19142857142857
3,2024-08-01,59.785,93.19499999999998
3,2024-08-02,114.77,86.34357142857142
3,2024-08-03,97.5,79.90714285714284
3,2024-08-04,97.685,84.06285714285715
3,2024-08-05,61.9,84.58000000000001
3,2024-08-06,64.625,82.27214285714285
3,2024-08-07,79.11,82.19642857142857
3,2024-08-08,82.675,85.46642857142858
3,2024-08-09,107.395,84.41285714285713
3,2024-08-10,91.365,83.53642857142857
3,2024-08-11,146.20499999999998,90.46785714285714
3,2024-08-12,55.03,89.48642857142856
3,2024-08-13,63.699999999999996,89.35428571428572
3,2024-08-14,61.254999999999995,86.80357142857143
3,2024-08-15,66.91,84.55142857142857
3,2024-08-16,146.555,90.14571428571428
3,2024-08-17,106.875,92.36142857142856
3,2024-08-18,115.445,87.96714285714286
3,2024-08-19,104.09,94.97571428571429
3,2024-08-20,115.825,102.42214285714284
3,2024-08-21,101.885,108.22642857142857
3,2024-08-22,40.975,104.52142857142857
3,2024-08-23,155.17499999999998,105.75285714285714
3,2024-08-24,127.03,108.63214285714287
3,2024-08-25,142.965,112.56357142857142
3,2024-08-26,93.365,111.03142857142856
3,2024-08-27,98.465,108.55142857142857
3,2024-08-28,43.46,100.205
3,2024-08-29,98.35499999999999,108.40214285714286
3,2024-08-30,144.98499999999999,106.94642857142857
3,2024-08-31,117.015,105.51571428571427
3,2024-09-01,110.815,100.92285714285715
3,2024-09-02,72.17,97.895
3,2024-09-03,125.095,101.69928571428571
3,2024-09-04,95.88,109.18785714285714
3,2024-09-05,63.03,104.14142857142858
3,2024-09-06,109.2,99.02928571428572
3,2024-09-07,98.78,96.42428571428572
3,2024-09-08,103.925,95.43999999999998
3,2024-09-09,74.785,95.81357142857144
3,2024-09-10,86.23,90.26142857142858
3,2024-09-11,62.535,85.49785714285714
3,2024-09-12,101.58,91.00500000000001
3,2024-09-13,100.925,89.82285714285715
3,2024-09-14,112.05999999999999,91.72
3,2024-09-15,122.11,94.31785714285715
3,2024-09-16,100.21,97.95
3,2024-09-17,66.92,95.19142857142856
3,2024-09-18,95.92,99.96071428571427
3,2024-09-19,63.885,94.5757142857143
3,2024-09-20,132.59,99.0992857142857
3,2024-09-21,113.955,99.37
3,2024-09-22,117.295,98.68214285714285
3,2024-09-23,56.165,92.39
3,2024-09-24,77.31,93.87428571428572
3,2024-09-25,95.385,93.79785714285715
3,2024-09-26,109.81,100.35857142857142
3,2024-09-27,78.58,92.64285714285714
3,2024-09-28,117.05499999999999,93.08571428571429
3,2024-09-29,83.49499999999999,88.25714285714285
3,2024-09-30,93.21,93.5492857142857
3,2024-10-01,80.49,94.00357142857142
3,2024-10-02,84.38,92.43142857142857
3,2024-10-03,36.725,81.99071428571428
3,2024-10-04,182.755,96.87285714285714
3,2024-10-05,137.515,99.79571428571428
3,2024-10-06,133.39,106.92357142857144
3,2024-10-07,87.37,106.08928571428571
3,2024-10-08,78.895,105.86142857142856
3,2024-10-09,40.78,99.63285714285713
3,2024-10-10,83.755,106.35142857142856
3,2024-10-11,127.125,98.4042857142857
3,2024-10-12,95.795,92.4442857142857
3,2024-10-13,93.535,86.75071428571428
3,2024-10-14,57.824999999999996,82.52999999999999
3,2024-10-15,90.825,84.23428571428572
3,2024-10-16,88.3,91.02285714285713
3,2024-10-17,68.50999999999999,88.845
3,2024-10-18,105.575,85.76642857142858
3,2024-10-19,163.52,95.44142857142857
3,2024-10-20,88.07,94.66071428571429
3,2024-10-21,66.19,95.85571428571428
3,2024-10-22,112.015,98.88285714285713
3,2024-10-23,81.475,97.90785714285714
3,2024-10-24,71.975,98.40285714285713
3,2024-10-25,67.7,92.99214285714285
3,2024-10-26,112.25,85.66785714285713
3,2024-10-27,117.13499999999999,89.82000000000001
3,2024-10-28,52.235,87.82642857142856
3,2024-10-29,83.13499999999999,83.70071428571428
3,2024-10-30,53.21,79.66285714285713
3,2024-10-31,76.895,80.36571428571428
3,2024-11-01,140.09,90.70714285714287
3,2024-11-02,129.055,93.10785714285714
3,2024-11-03,133.35999999999999,95.42571428571429
3,2024-11-04,91.5,101.035
3,2024-11-05,106.205,104.33071428571428
3,2024-11-06,90.47,109.65357142857142
3,2024-11-07,92.54,111.88857142857144
3,2024-11-08,137.4,111.50428571428573
3,2024-11-09,144.085,113.65142857142857
3,2024-11-10,109.835,110.29071428571429
3,2024-11-11,107.235,112.53857142857143
3,2024-11-12,45.989999999999995,103.93642857142858
3,2024-11-13,117.39,107.78214285714286
3,2024-11-14,64.835,103.82428571428571
3,2024-11-15,100.97999999999999,98.62142857142855
3,2024-11-16,105.185,93.0642857142857
3,2024-11-17,115.21,93.83214285714287
3,2024-11-18,69.715,88.47214285714286
3,2024-11-19,88.405,94.53142857142858
3,2024-11-20,97.66499999999999,91.71357142857143
3,2024-11-21,68.735,92.27071428571428
3,2024-11-22,99.345,92.03714285714285
3,2024-11-23,129.26,95.47642857142857
3,2024-11-24,163.60999999999999,102.39071428571427
3,2024-11-25,122.315,109.905
3,2024-11-26,73.105,107.71928571428573
3,2024-11-27,103.08,108.49285714285713
3,2024-11-28,63.379999999999995,107.72785714285713
3,2024-11-29,76.13,104.41142857142857
3,2024-11-30,113.155,102.11071428571427
3,2024-12-01,134.45499999999998,97.94571428571429
3,2024-12-02,75.61,91.27357142857143
3,2024-12-03,92.915,94.10357142857141
3,2024-12-04,130.4,98.00642857142859
3,2024-12-05,103.24499999999999,103.70142857142856
3,2024-12-06,106.06,107.97714285714287
3,2024-12-07,137.92499999999998,111.51571428571427
3,2024-12-08,102.36999999999999,106.93214285714285
3,2024-12-09,101.55499999999999,110.63857142857141
3,2024-12-10,110.16499999999999,113.10285714285715
3,2024-12-11,75.31,105.23285714285713
3,2024-12-12,122.22999999999999,107.94500000000001
3,2024-12-13,148.98,114.07642857142855
3,2024-12-14,191.51999999999998,121.73285714285713
3,2024-12-15,162.21,130.28142857142856
3,2024-12-16,99.61999999999999,130.005
3,2024-12-17,110.14999999999999,130.00285714285712
3,2024-12-18,124.72,137.06142857142856
3,2024-12-19,55.019999999999996,127.46
3,2024-12-20,126.94,124.31142857142858
3,2024-12-21,182.60999999999999,123.03857142857143
3,2024-12-22,150.645,121.38642857142858
3,2024-12-23,96.06,120.87785714285714
3,2024-12-24,127.97999999999999,123.425
3,2024-12-25,84.47,117.675
3,2024-12-26,89.88,122.655
3,2024-12-27,120.14999999999999,121.68499999999999
3,2024-12-28,100.42,109.94357142857142
3,2024-12-29,128.19,106.73571428571428
3,2024-12-30,108.22,108.47285714285714
3,2024-12-31,104.03,105.05142857142857
3,2025-01-01,85.94,105.26142857142857
3,2025-01-02,90.045,105.285
3,2025-01-03,89.355,100.88571428571429
3,2025-01-04,142.665,106.9207142857143
3,2025-01-05,112.91,104.73785714285714
3,2025-01-06,51.245,96.59857142857142
3,2025-01-07,99.815,95.99642857142855
3,2025-01-08,77.835,94.83857142857143
3,2025-01-09,73.39,92.4592857142857
3,2025-01-10,109.75999999999999,95.3742857142857
3,2025-01-11,119.835,92.11285714285714
3,2025-01-12,121.14999999999999,93.28999999999999
3,2025-01-13,77.64,97.06071428571428
3,2025-01-14,78.34,93.99285714285713
3,2025-01-15,101.09,97.31500000000001
3,2025-01-16,69.385,96.74285714285715
3,2025-01-17,138.48499999999999,100.84642857142856
3,2025-01-18,152.79999999999998,105.55571428571429
3,2025-01-19,119.03999999999999,105.25428571428571
3,2025-01-20,70.52,104.23714285714286
3,2025-01-21,65.615,102.4192857142857
3,2025-01-22,64.66,97.21499999999999
3,2025-01-23,72.63,97.67857142857142
3,2025-01-24,136.62,97.41214285714284
3,2025-01-25,118.92999999999999,92.57357142857143
3,2025-01-26,82.85,87.40357142857142
3,2025-01-27,91.715,90.43142857142857
3,2025-01-28,84.30499999999999,93.10142857142857
3,2025-01-29,106.66,99.10142857142857
3,2025-01-30,108.155,104.17642857142857
3,2025-01-31,89.96499999999999,97.51142857142858
3,2025-02-01,111.85,96.49999999999999
3,2025-02-02,86.005,96.95071428571428
3,2025-02-03,108.42999999999999,99.33857142857143
3,2025-02-04,102.30499999999999,101.91
3,2025-02-05,70.975,96.81214285714285
3,2025-02-06,58.37,89.7
3,2025-02-07,106.895,92.11857142857141
3,2025-02-08,110.7,91.95428571428572
3,2025-02-09,118.84,96.645
3,2025-02-10,69.47,91.0792857142857
3,2025-02-11,70.11999999999999,86.48142857142857
3,2025-02-12,80.035,87.77571428571427
3,2025-02-13,110.185,95.17785714285715
3,2025-02-14,130.225,98.51071428571429
3,2025-02-15,117.235,99.4442857142857
3,2025-02-16,113.855,98.73214285714286
3,2025-02-17,66.345,98.28571428571429
3,2025-02-18,39.765,93.94928571428571
3,2025-02-19,101.395,97.00071428571428
3,2025-02-20,99.545,95.48071428571428
3,2025-02-21,113.53,93.0957142857143
3,2025-02-22,109.925,92.05142857142857
3,2025-02-23,94.35499999999999,89.26571428571428
3,2025-02-24,69.335,89.69285714285715
3,2025-02-25,53.225,91.61571428571428
3,2025-02-26,68.87,86.96928571428573
3,2025-02-27,52.035,80.18214285714285
3,2025-02-28,112.87,80.08785714285715
3,2025-03-01,72.06,74.67857142857143
3,2025-03-02,148.85999999999999,82.465
3,2025-03-03,122.99,90.13
3,2025-03-04,87.715,95.05714285714285
3,2025-03-05,124.46,102.99857142857142
3,2025-03-06,97.99,109.56357142857144
3,2025-03-07,125.125,111.31428571428572
3,2025-03-08,95.815,114.70785714285714
3,2025-03-09,133.93,112.57500000000002
3,2025-03-10,106.875,110.27285714285715
3,2025-03-11,93.07,111.03785714285713
3,2025-03-12,61.14,101.99214285714285
3,2025-03-13,93.375,101.33285714285714
3,2025-03-14,88.375,96.08285714285714
3,2025-03-15,142.54,102.75785714285715
3,2025-03-16,96.50999999999999,97.41214285714285
3,2025-03-17,61.475,90.92642857142856
3,2025-03-18,51.144999999999996,84.93714285714285
3,2025-03-19,81.495,87.845
3,2025-03-20,101.72999999999999,89.03857142857143
3,2025-03-21,163.7,99.79928571428572
3,2025-03-22,108.155,94.88714285714286
3,2025-03-23,155.265,103.2807142857143
3,2025-03-24,77.17,105.52285714285713
3,2025-03-25,87.83,110.76357142857144
3,2025-03-26,105.58,114.2042857142857
3,2025-03-27,109.17999999999999,115.26857142857143
3,2025-03-28,93.75,105.27571428571427
3,2025-03-29,129.195,108.28142857142858
3,2025-03-30,103.36,100.86642857142856
3,2025-03-31,110.66,105.6507142857143
3,2025-04-01,46.9,99.80357142857143
3,2025-04-02,77.145,95.74142857142856
3,2025-04-03,83.48,92.07000000000001
3,2025-04-04,149.515,100.03642857142857
3,2025-04-05,148.75,102.83
3,2025-04-06,117.58,104.86142857142859
3,2025-04-07,78.415,100.255
3,2025-04-08,101.8,108.09785714285714
3,2025-04-09,75.175,107.81642857142857
3,2025-04-10,107.89,111.30357142857143
3,2025-04-11,140.875,110.06928571428571
3,2025-04-12,115.48,105.31642857142857
3,2025-04-13,85.00999999999999,100.66357142857143
3,2025-04-14,102.875,104.15785714285714
3,2025-04-15,108.92,105.175
3,2025-04-16,62.754999999999995,103.40071428571427
3,2025-04-17,97.86999999999999,101.9692857142857
3,2025-04-18,148.32,103.03285714285714
3,2025-04-19,123.42999999999999,104.16857142857143
3,2025-04-20,139.6,111.96714285714286
3,2025-04-21,63.57,106.35214285714285
3,2025-04-22,125.86999999999999,108.77357142857143
3,2025-04-23,105.185,114.83500000000001
3,2025-04-24,117.615,117.65571428571427
3,2025-04-25,118.75,113.43142857142857
3,2025-04-26,123.595,113.455
3,2025-04-27,128.495,111.86857142857143
3,2025-04-28,92.07,115.93999999999998
3,2025-04-29,86.2,110.27285714285713
3,2025-04-30,147.54999999999998,116.32499999999997
3,2025-05-01,88.91499999999999,112.22500000000001
3,2025-05-02,163.45,118.61071428571428
3,2025-05-03,110.02499999999999,116.67214285714284
3,2025-05-04,135.81,117.71714285714286
3,2025-05-05,83.02499999999999,116.425
3,2025-05-06,62.625,113.05714285714285
3,2025-05-07,92.285,105.16214285714284
3,2025-05-08,102.42,107.09142857142857
3,2025-05-09,139.77,103.70857142857143
3,2025-05-10,187.48,114.77357142857144
3,2025-05-11,112.935,111.50571428571428
3,2025-05-12,161.38,122.69928571428571
3,2025-05-13,103.2,128.49571428571429
3,2025-05-14,73.755,125.84857142857143
3,2025-05-15,58.5,119.57428571428571
3,2025-05-16,116.565,116.25928571428571
3,2025-05-17,114.42999999999999,105.82357142857143
3,2025-05-18,125.7,107.64714285714285
3,2025-05-19,71.465,94.80214285714285
3,2025-05-20,78.875,91.32714285714285
3,2025-05-21,126.195,98.81857142857143
3,2025-05-22,70.78,100.57285714285715
3,2025-05-23,124.745,101.74142857142859
3,2025-05-24,127.485,103.60642857142857
3,2025-05-25,113.225,101.82428571428571
3,2025-05-26,100.565,105.98142857142857
3,2025-05-27,64.72,103.95928571428571
3,2025-05-28,99.40499999999999,100.13214285714285
3,2025-05-29,54.36,97.78642857142857
3,2025-05-30,124.63499999999999,97.77071428571428
3,2025-05-31,86.21,91.8742857142857
3,2025-06-01,129.055,94.13571428571429
3,2025-06-02,71.82,90.0292857142857
3,2025-06-03,93.735,94.1742857142857
3,2025-06-04,98.46,94.03928571428571
3,2025-06-05,67.735,95.95
3,2025-06-06,128.365,96.48285714285714
3,2025-06-07,54.5,91.95285714285716
3,2025-06-08,81.32,85.13357142857141
3,2025-06-09,81.30499999999999,86.48857142857143
3,2025-06-10,98.795,87.21142857142857
3,2025-06-11,110.71,88.96142857142856
3,2025-06-12,85.77,91.53785714285716
3,2025-06-13,112.13499999999999,89.21928571428573
3,2025-06-14,116.895,98.13285714285715
3,2025-06-15,103.485,101.29928571428572
3,2025-06-16,52.51,97.1857142857143
3,2025-06-17,92.945,96.35
3,2025-06-18,91.935,93.66785714285713
3,2025-06-19,59.87,89.96785714285714
3,2025-06-20,115.64999999999999,90.47
3,2025-06-21,108.34,89.24785714285713
3,2025-06-22,154.92,96.5957142857143
3,2025-06-23,55.695,97.05071428571428
3,2025-06-24,115.28999999999999,100.24285714285713
3,2025-06-25,118.23,103.9992857142857
3,2025-06-26,69.25,105.33928571428571
3,2025-06-27,103.78,103.6435714285714
3,2025-06-28,113.21,104.33928571428571
3,2025-06-29,154.375,104.26142857142857
3,2025-06-30,76.12,107.17928571428571
3,2025-07-01,80.785,102.25
3,2025-07-02,112.0,101.36
3,2025-07-03,113.395,107.66642857142857
3,2025-07-04,173.01,117.55642857142857
3,2025-07-05,162.71,124.62785714285714
3,2025-07-06,110.125,118.30642857142857
3,2025-07-07,114.5,123.78928571428571
3,2025-07-08,105.52499999999999,127.32357142857143
3,2025-07-09,95.405,124.95285714285716
3,2025-07-10,95.215,122.35571428571428
3,2025-07-11,194.17,125.37857142857145
3,2025-07-12,84.63,114.2242857142857
3,2025-07-13,130.98499999999999,117.2042857142857
3,2025-07-14,114.09,117.14571428571428
3,2025-07-15,110.27,117.82357142857143
3,2025-07-16,66.355,113.67357142857142
3,2025-07-17,159.45499999999998,122.85071428571428
3,2025-07-18,153.48999999999998,117.0392857142857
3,2025-07-19,190.09,132.105
3,2025-07-20,106.955,128.67214285714286
3,2025-07-21,119.06,129.38214285714284
3,2025-07-22,102.22,128.23214285714286
3,2025-07-23,144.45499999999998,139.3892857142857
3,2025-07-24,123.13499999999999,134.20071428571427
3,2025-07-25,133.78,131.38500000000002
3,2025-07-26,139.45,124.15071428571427
3,2025-07-27,82.64,120.67714285714284
3,2025-07-28,73.95,114.23285714285714
3,2025-07-29,128.285,117.95642857142856
3,2025-07-30,170.165,121.62928571428571
3,2025-07-31,73.875,114.59214285714286
3,2025-08-01,131.9,114.32357142857143
3,2025-08-02,86.92,106.81928571428571
3,2025-08-03,127.80499999999999,113.27142857142859
3,2025-08-04,72.14,113.01285714285714
3,2025-08-05,116.66,111.35214285714287
3,2025-08-06,97.67,100.99571428571427
3,2025-08-07,85.025,102.58857142857144
3,2025-08-08,111.52499999999999,99.67785714285715
3,2025-08-09,145.74,108.0807142857143
3,2025-08-10,143.305,110.29499999999999
3,2025-08-11,45.235,106.45142857142856
3,2025-08-12,79.1,101.08571428571429
3,2025-08-13,85.56,99.35571428571428
3,2025-08-14,75.945,98.05857142857143
3,2025-08-15,162.685,105.36714285714285
3,2025-08-16,98.535,98.62357142857141
3,2025-08-17,116.17999999999999,94.74857142857142
3,2025-08-18,100.735,102.67714285714285
3,2025-08-19,89.235,104.12499999999999
3,2025-08-20,74.795,102.58714285714287
3,2025-08-21,81.74499999999999,103.41571428571429
3,2025-08-22,130.345,98.79571428571428
3,2025-08-23,155.26,106.89928571428572
3,2025-08-24,138.65,110.10928571428572
3,2025-08-25,89.925,108.56499999999998
3,2025-08-26,92.285,109.00071428571428
3,2025-08-27,90.00999999999999,111.1742857142857
3,2025-08-28,68.58,109.29357142857143
3,2025-08-29,63.559999999999995,99.75285714285714
3,2025-08-30,114.46,93.92428571428572
3,2025-08-31,128.635,92.49357142857141
3,2025-09-01,104.465,94.57071428571429
3,2025-09-02,80.855,92.93785714285715
3,2025-09-03,76.78,91.04785714285715
3,2025-09-04,79.47,92.60357142857143
3,2025-09-05,121.72999999999999,100.91357142857143
3,2025-09-06,130.075,103.14428571428572
3,2025-09-07,117.925,101.61428571428571
3,2025-09-08,75.67999999999999,97.50214285714286
3,2025-09-09,121.71,103.33857142857141
3,2025-09-10,70.905,102.49928571428572
3,2025-09-11,96.46000000000001,104.92642857142856
3,2025-09-12,148.915,108.81000000000002
3,2025-09-13,145.63,111.03214285714284
3,2025-09-14,123.045,111.76357142857144
3,2025-09-15,54.545,108.74428571428571
3,2025-09-16,133.015,110.35928571428572
3,2025-09-17,114.595,116.60071428571428
3,2025-09-18,109.905,118.52142857142857
3,2025-09-19,92.52499999999999,110.46571428571427
3,2025-09-20,99.39,103.86
3,2025-09-21,131.725,105.1
3,2025-09-22,53.39,104.93499999999999
3,2025-09-23,97.52499999999999,99.86500000000001
3,2025-09-24,107.12,98.79714285714284
3,2025-09-25,85.01,95.24071428571429
3,2025-09-26,112.085,98.035
3,2025-09-27,168.695,107.9357142857143
3,2025-09-28,110.705,104.93285714285715
3,2025-09-29,56.13,105.32428571428571
3,2025-09-30,85.615,103.62285714285713
3,2025-10-01,73.455,98.81357142857144
3,2025-10-02,84.875,98.7942857142857
3,2025-10-03,97.57,96.72071428571428
3,2025-10-04,146.715,93.58071428571428
3,2025-10-05,127.485,95.97785714285715
3,2025-10-06,98.72,102.06214285714286
3,2025-10-07,90.13499999999999,102.70785714285715
3,2025-10-08,96.475,105.99642857142855
3,2025-10-09,115.66499999999999,110.395
3,2025-10-10,198.10999999999999,124.75785714285715
3,2025-10-11,139.41,123.71428571428571
3,2025-10-12,138.73499999999999,125.32142857142857
3,2025-10-13,71.39999999999999,121.41857142857143
3,2025-10-14,94.005,121.97142857142856
3,2025-10-15,44.9,114.60357142857143
3,2025-10-16,119.67,115.17571428571428
3,2025-10-17,70.385,96.9292857142857
3,2025-10-18,112.19,93.04071428571429
3,2025-10-19,122.425,90.71071428571427
3,2025-10-20,97.1,94.38214285714285
3,2025-10-21,121.61,98.32571428571428
3,2025-10-22,72.39999999999999,102.25428571428571
3,2025-10-23,103.555,99.95214285714285
3,2025-10-24,114.52499999999999,106.25785714285715
3,2025-10-25,157.01999999999998,112.66214285714285
3,2025-10-26,126.82,113.28999999999999
3,2025-10-27,74.03,109.99428571428571
3,2025-10-28,53.379999999999995,100.24714285714285
3,2025-10-29,73.785,100.44500000000001
3,2025-10-30,40.089999999999996,91.3785714285714
3,2025-10-31,96.56,88.81214285714285
3,2025-11-01,176.33,91.57071428571429
3,2025-11-02,87.315,85.92714285714285
3,2025-11-03,94.46,88.84571428571428
3,2025-11-04,129.72,99.75142857142858
3,2025-11-05,119.48,106.27928571428572
3,2025-11-06,126.985,118.69285714285715
3,2025-11-07,184.875,131.30928571428572
3,2025-11-08,153.31,128.0207142857143
3,2025-11-09,161.41,138.6057142857143
3,2025-11-10,112.11,141.12714285714284
3,2025-11-11,108.3,138.06714285714287
3,2025-11-12,136.54,140.50428571428571
3,2025-11-13,60.654999999999994,131.0285714285714
3,2025-11-14,140.24,124.65214285714285
3,2025-11-15,170.815,127.15285714285714
3,2025-11-16,146.125,124.96928571428573
3,2025-11-17,96.81,122.78357142857143
3,2025-11-18,133.345,126.36142857142856
3,2025-11-19,86.705,119.24214285714287
3,2025-11-20,106.285,125.76071428571429
3,2025-11-21,136.94,125.28928571428573
3,2025-11-22,128.795,119.28642857142857
3,2025-11-23,115.1,114.85428571428572
3,2025-11-24,181.025,126.885
3,2025-11-25,113.095,123.99214285714285
3,2025-11-26,131.915,130.45071428571427
3,2025-11-27,135.025,134.55642857142857
3,2025-11-28,137.2,134.59357142857144
3,2025-11-29,186.905,142.895
3,2025-11-30,159.39,149.22214285714284
4,2024-06-01,114.785,114.785
4,2024-06-02,108.30499999999999,111.54499999999999
4,2024-06-03,73.67,98.92
4,2024-06-04,46.115,85.71875
4,2024-06-05,71.215,82.81800000000001
4,2024-06-06,67.115,80.20083333333334
4,2024-06-07,139.315,88.64571428571428
4,2024-06-08,166.005,95.96285714285715
4,2024-06-09,113.075,96.64428571428572
4,2024-06-10,64.735,95.36785714285715
4,2024-06-11,69.685,98.735
4,2024-06-12,84.17999999999999,100.58714285714284
4,2024-06-13,75.82,101.83071428571428
4,2024-06-14,133.64,101.02
4,2024-06-15,132.775,96.27285714285713
4,2024-06-16,95.745,93.79714285714284
4,2024-06-17,69.05,94.41357142857144
4,2024-06-18,65.11,93.75999999999999
4,2024-06-19,65.945,91.155
4,2024-06-20,98.68,94.42071428571428
4,2024-06-21,138.46,95.10928571428572
4,2024-06-22,122.05,93.57714285714287
4,2024-06-23,77.30499999999999,90.94285714285715
4,2024-06-24,98.55,95.15714285714284
4,2024-06-25,67.03,95.43142857142858
4,2024-06-26,84.325,98.05714285714285
4,2024-06-27,122.715,101.49071428571429
4,2024-06-28,94.955,95.2757142857143
4,2024-06-29,100.61999999999999,92.21428571428571
4,2024-06-30,99.46,95.37928571428571
4,2024-07-01,95.04,94.87785714285714
4,2024-07-02,131.565,104.09714285714286
4,2024-07-03,60.44499999999999,100.68571428571428
4,2024-07-04,106.64,98.38928571428572
4,2024-07-05,120.23,102.0
4,2024-07-06,107.16,102.93428571428572
4,2024-07-07,107.785,104.12357142857142
4,2024-07-08,88.81,103.23357142857142
4,2024-07-09,78.175,95.60642857142857
4,2024-07-10,79.23,98.28999999999999
4,2024-07-11,115.385,99.53928571428571
4,2024-07-12,159.89,105.20500000000001
4,2024-07-13,139.725,109.85714285714286
4,2024-07-14,163.82999999999998,117.86357142857142
4,2024-07-15,51.4,112.5192857142857
4,2024-07-16,123.63499999999999,119.01357142857144
4,2024-07-17,51.199999999999996,115.00928571428571
4,2024-07-18,94.815,112.07071428571427
4,2024-07-19,136.34,108.70642857142856
4,2024-07-20,94.695,102.27357142857143
4,2024-07-21,122.3,96.34071428571428
4,2024-07-22,132.315,107.89999999999999
4,2024-07-23,92.595,103.46571428571428
4,2024-07-24,111.5,112.08
4,2024-07-25,67.355,108.15714285714284
4,2024-07-26,103.075,103.405
4,2024-07-27,145.765,110.70071428571428
4,2024-07-28,157.45,115.72214285714286
4,2024-07-29,114.1,113.12
4,2024-07-30,66.03,109.325
4,2024-07-31,102.02499999999999,107.97142857142856
4,2024-08-01,83.545,110.28428571428572
4,2024-08-02,54.64,103.365
4,2024-08-03,154.29,104.58285714285714
4,2024-08-04,115.51,98.59142857142857
4,2024-08-05,84.795,94.405
4,2024-08-06,75.17,95.71071428571429
4,2024-08-07,56.04,89.14142857142858
4,2024-08-08,84.67999999999999,89.30357142857143
4,2024-08-09,132.345,100.4042857142857
4,2024-08-10,113.31,94.55
4,2024-08-11,127.16,96.21428571428571
4,2024-08-12,114.03,100.39071428571427
4,2024-08-13,48.144999999999996,96.52999999999999
4,2024-08-14,47.755,95.34642857142856
4,2024-08-15,70.865,93.37285714285713
4,2024-08-16,140.685,94.56428571428572
4,2024-08-17,100.755,92.77071428571428
4,2024-08-18,137.07999999999998,94.18785714285714
4,2024-08-19,75.81,88.72785714285715
4,2024-08-20,82.495,93.635
4,2024-08-21,68.65,96.62
4,2024-08-22,107.865,101.9057142857143
4,2024-08-23,95.815,95.49571428571427
4,2024-08-24,111.63,97.0492857142857
4,2024-08-25,110.085,93.19285714285715
4,2024-08-26,111.49499999999999,98.29071428571429
4,2024-08-27,101.3,100.97714285714285
4,2024-08-28,117.64999999999999,107.97714285714285
4,2024-08-29,118.49,109.49499999999999
4,2024-08-30,129.59,114.32000000000001
4,2024-08-31,116.215,114.97500000000001
4,2024-09-01,93.68,112.63142857142857
4,2024-09-02,85.065,108.85571428571428
4,2024-09-03,98.625,108.47357142857143
4,2024-09-04,73.95,102.23071428571428
4,2024-09-05,82.78999999999999,97.13071428571429
4,2024-09-06,159.295,101.37428571428572
4,2024-09-07,102.565,99.42428571428572
4,2024-09-08,133.075,105.05214285714285
4,2024-09-09,86.605,105.27214285714285
4,2024-09-10,55.214999999999996,99.07071428571429
4,2024-09-11,69.6,98.44928571428571
4,2024-09-12,70.515,96.69571428571427
4,2024-09-13,153.07999999999998,95.80785714285715
4,2024-09-14,114.1,97.45571428571428
4,2024-09-15,91.05499999999999,91.45285714285714
4,2024-09-16,95.835,92.77142857142857
4,2024-09-17,98.25,98.9192857142857
4,2024-09-18,117.33999999999999,105.73928571428571
4,2024-09-19,100.465,110.01785714285714
4,2024-09-20,106.785,103.4042857142857
4,2024-09-21,81.645,98.76785714285714
4,2024-09-22,124.755,103.58214285714287
4,2024-09-23,57.845,98.15499999999999
4,2024-09-24,112.835,100.23857142857142
4,2024-09-25,130.085,102.0592857142857
4,2024-09-26,69.33,97.61142857142856
4,2024-09-27,108.47,97.85214285714287
4,2024-09-28,118.145,103.06642857142856
4,2024-09-29,104.685,100.19928571428571
4,2024-09-30,113.73,108.18285714285715
4,2024-10-01,72.41,102.40785714285714
4,2024-10-02,89.58,96.62142857142855
4,2024-10-03,74.205,97.31785714285715
4,2024-10-04,119.16499999999999,98.84571428571428
4,2024-10-05,135.18,101.2792857142857
4,2024-10-06,122.72,103.85571428571428
4,2024-10-07,69.565,97.54642857142858
4,2024-10-08,83.65,99.15214285714285
4,2024-10-09,125.655,104.30571428571429
4,2024-10-10,70.61,103.79214285714285
4,2024-10-11,124.03,104.48714285714286
4,2024-10-12,179.95499999999998,110.88357142857144
4,2024-10-13,145.48499999999999,114.13571428571429
4,2024-10-14,122.11999999999999,121.64357142857143
4,2024-10-15,83.42,121.61071428571428
4,2024-10-16,53.269999999999996,111.27
4,2024-10-17,117.195,117.925
4,2024-10-18,131.545,118.99857142857142
4,2024-10-19,102.485,107.93142857142857
4,2024-10-20,95.06,100.72785714285713
4,2024-10-21,110.30499999999999,99.03999999999999
4,2024-10-22,105.75,102.23
4,2024-10-23,74.35,105.24142857142859
4,2024-10-24,70.715,98.60142857142856
4,2024-10-25,105.21,94.83928571428571
4,2024-10-26,115.78999999999999,96.74
4,2024-10-27,99.66499999999999,97.39785714285713
4,2024-10-28,83.66499999999999,93.59214285714286
4,2024-10-29,63.18,87.51071428571427
4,2024-10-30,95.39999999999999,90.51785714285712
4,2024-10-31,74.865,91.11071428571428
4,2024-11-01,158.195,98.67999999999999
4,2024-11-02,125.99,100.13714285714285
4,2024-11-03,102.84,100.59071428571428
4,2024-11-04,77.895,99.76642857142856
4,2024-11-05,81.61,102.39928571428571
4,2024-11-06,122.995,106.34142857142857
4,2024-11-07,77.515,106.72
4,2024-11-08,155.5,106.33500000000001
4,2024-11-09,123.66,106.00214285714287
4,2024-11-10,141.88,111.57928571428572
4,2024-11-11,105.24,115.48571428571428
4,2024-11-12,126.755,121.93499999999999
4,2024-11-13,58.91,112.78
4,2024-11-14,94.585,115.21857142857142
4,2024-11-15,144.835,113.69500000000001
4,2024-11-16,135.57,115.39642857142856
4,2024-11-17,159.655,117.9357142857143
4,2024-11-18,77.535,113.97785714285715
4,2024-11-19,159.51,118.65714285714286
4,2024-11-20,117.88499999999999,127.08214285714284
4,2024-11-21,136.885,133.125
4,2024-11-22,153.56,134.37142857142857
4,2024-11-23,136.225,134.465
4,2024-11-24,147.995,132.7992857142857
4,2024-11-25,111.30499999999999,137.62357142857144
4,2024-11-26,98.475,128.9042857142857
4,2024-11-27,76.77499999999999,123.03142857142858
4,2024-11-28,78.42999999999999,114.68071428571429
4,2024-11-29,177.27,118.06785714285714
4,2024-11-30,143.37,119.08857142857143
4,2024-12-01,128.915,116.36285714285714
4,2024-12-02,109.13,116.05214285714284
4,2024-12-03,153.915,123.97214285714287
4,2024-12-04,112.14999999999999,129.0257142857143
4,2024-12-05,70.865,127.94500000000001
4,2024-12-06,164.885,126.17571428571429
4,2024-12-07,120.445,122.90071428571427
4,2024-12-08,149.125,125.78785714285713
4,2024-12-09,140.635,130.28857142857143
4,2024-12-10,77.87,119.425
4,2024-12-11,104.17,118.28499999999998
4,2024-12-12,129.195,126.61785714285713
4,2024-12-13,116.15,119.6557142857143
4,2024-12-14,139.04999999999998,122.31357142857142
4,2024-12-15,121.505,118.36785714285715
4,2024-12-16,77.57,109.35857142857142
4,2024-12-17,78.155,109.39928571428571
4,2024-12-18,112.735,110.62285714285714
4,2024-12-19,115.955,108.73142857142857
4,2024-12-20,113.10499999999999,108.29642857142858
4,2024-12-21,109.455,104.06857142857143
4,2024-12-22,143.76999999999998,107.2492857142857
4,2024-12-23,93.10499999999999,109.46857142857142
4,2024-12-24,75.78,109.12928571428571
4,2024-12-25,114.13,109.32857142857142
4,2024-12-26,70.565,102.84428571428569
4,2024-12-27,130.35999999999999,105.30928571428569
4,2024-12-28,113.0,105.81571428571428
4,2024-12-29,119.64999999999999,102.36999999999999
4,2024-12-30,70.94,99.20357142857142
4,2024-12-31,114.545,104.74142857142856
4,2025-01-01,75.465,99.21785714285714
4,2025-01-02,61.12,97.86857142857143
4,2025-01-03,127.38499999999999,97.44357142857143
4,2025-01-04,153.965,103.2957142857143
4,2025-01-05,99.795,100.45928571428571
4,2025-01-06,83.63,102.27214285714285
4,2025-01-07,94.61999999999999,99.42571428571429
4,2025-01-08,74.445,99.28
4,2025-01-09,94.105,103.99214285714285
4,2025-01-10,53.74,93.47142857142856
4,2025-01-11,86.605,83.84857142857142
4,2025-01-12,115.14,86.04071428571429
4,2025-01-13,85.105,86.25142857142858
4,2025-01-14,58.025,81.02357142857143
4,2025-01-15,105.24,85.42285714285715
4,2025-01-16,101.575,86.49
4,2025-01-17,140.815,98.92928571428571
4,2025-01-18,145.39499999999998,107.32785714285714
4,2025-01-19,106.445,106.08571428571427
4,2025-01-20,108.02499999999999,109.36
4,2025-01-21,67.085,110.6542857142857
4,2025-01-22,60.38999999999999,104.24714285714285
4,2025-01-23,75.645,100.54285714285713
4,2025-01-24,84.795,92.53999999999999
4,2025-01-25,141.23,91.94500000000001
4,2025-01-26,129.215,95.19785714285715
4,2025-01-27,67.61,89.4242857142857
4,2025-01-28,103.955,94.69142857142857
4,2025-01-29,115.715,102.595
4,2025-01-30,84.22,103.82000000000001
4,2025-01-31,127.385,109.9042857142857
4,2025-02-01,115.36999999999999,106.21
4,2025-02-02,140.885,107.87714285714286
4,2025-02-03,101.355,112.69785714285715
4,2025-02-04,63.31,106.89142857142858
4,2025-02-05,86.49499999999999,102.71714285714286
4,2025-02-06,97.51,104.61571428571429
4,2025-02-07,151.34,108.03785714285716
4,2025-02-08,74.33,102.175
4,2025-02-09,92.895,95.31928571428571
4,2025-02-10,75.05499999999999,91.56214285714286
4,2025-02-11,92.61,95.74785714285713
4,2025-02-12,101.66,97.91428571428573
4,2025-02-13,102.255,98.59214285714286
4,2025-02-14,167.305,100.87285714285714
4,2025-02-15,136.675,109.77928571428572
4,2025-02-16,153.03,118.37
4,2025-02-17,100.22999999999999,121.96642857142857
4,2025-02-18,84.655,120.83
4,2025-02-19,86.255,118.62928571428571
4,2025-02-20,53.96,111.73
4,2025-02-21,119.315,104.87428571428572
4,2025-02-22,128.925,103.76714285714286
4,2025-02-23,141.465,102.11500000000001
4,2025-02-24,88.91499999999999,100.49857142857142
4,2025-02-25,85.99,100.68928571428572
4,2025-02-26,76.345,99.27357142857143
4,2025-02-27,83.01,103.42357142857142
4,2025-02-28,115.215,102.83785714285715
4,2025-03-01,137.875,104.11642857142856
4,2025-03-02,142.14499999999998,104.21357142857141
4,2025-03-03,95.585,105.16642857142857
4,2025-03-04,97.655,106.83285714285714
4,2025-03-05,82.235,107.67428571428572
4,2025-03-06,105.22,110.84714285714287
4,2025-03-07,91.22,107.4192857142857
4,2025-03-08,119.35,104.77285714285713
4,2025-03-09,140.13,104.485
4,2025-03-10,98.91,104.96000000000001
4,2025-03-11,71.57,101.23357142857142
4,2025-03-12,87.63,102.00428571428571
4,2025-03-13,89.17,99.71142857142856
4,2025-03-14,144.685,107.34928571428573
4,2025-03-15,108.535,105.80428571428571
4,2025-03-16,101.065,100.22357142857143
4,2025-03-17,97.95,100.08642857142856
4,2025-03-18,99.27,104.04357142857144
4,2025-03-19,76.045,102.38857142857144
4,2025-03-20,93.74,103.04142857142858
4,2025-03-21,114.36999999999999,98.71071428571429
4,2025-03-22,105.69,98.30428571428571
4,2025-03-23,125.23,101.75642857142857
4,2025-03-24,82.41499999999999,99.53714285714285
4,2025-03-25,89.945,98.20500000000001
4,2025-03-26,89.27499999999999,100.095
4,2025-03-27,93.88499999999999,100.11571428571428
4,2025-03-28,126.345,101.82642857142856
4,2025-03-29,63.739999999999995,95.83357142857143
4,2025-03-30,121.8,95.34357142857142
4,2025-03-31,40.265,89.32214285714285
4,2025-04-01,89.74,89.29285714285713
4,2025-04-02,85.335,88.72999999999999
4,2025-04-03,44.39,81.65928571428572
4,2025-04-04,116.835,80.30071428571429
4,2025-04-05,106.675,86.4342857142857
4,2025-04-06,125.84,87.01142857142857
4,2025-04-07,72.36,91.59642857142856
4,2025-04-08,59.675,87.30142857142857
4,2025-04-09,85.73,87.35785714285716
4,2025-04-10,83.645,92.96571428571428
4,2025-04-11,80.705,87.80428571428571
4,2025-04-12,117.13,89.29785714285715
4,2025-04-13,131.96,90.17214285714284
4,2025-04-14,56.36,87.88642857142857
4,2025-04-15,80.585,90.87357142857142
4,2025-04-16,99.1,92.78357142857143
4,2025-04-17,107.36,96.17142857142858
4,2025-04-18,100.82,99.04499999999999
4,2025-04-19,124.815,100.14285714285714
4,2025-04-20,120.25,98.47
4,2025-04-21,48.0,97.2757142857143
4,2025-04-22,124.02499999999999,103.48142857142857
4,2025-04-23,86.37,101.66285714285713
4,2025-04-24,110.485,102.10928571428572
4,2025-04-25,133.645,106.79857142857144
4,2025-04-26,126.71,107.06928571428571
4,2025-04-27,131.6,108.6907142857143
4,2025-04-28,113.05,117.98357142857142
4,2025-04-29,62.67,109.21857142857142
4,2025-04-30,80.285,108.3492857142857
4,2025-05-01,111.31,108.46714285714286
4,2025-05-02,144.03,109.95071428571428
4,2025-05-03,99.27499999999999,106.03142857142856
4,2025-05-04,75.80499999999999,98.06071428571428
4,2025-05-05,51.71,89.29785714285713
4,2025-05-06,58.894999999999996,88.75857142857144
4,2025-05-07,80.59,88.80214285714285
4,2025-05-08,100.53999999999999,87.26357142857144
4,2025-05-09,101.15,81.13785714285714
4,2025-05-10,117.08,83.68142857142857
4,2025-05-11,140.045,92.85857142857142
4,2025-05-12,104.11,100.3442857142857
4,2025-05-13,85.16499999999999,104.09714285714286
4,2025-05-14,69.78999999999999,102.5542857142857
4,2025-05-15,71.25,98.36999999999999
4,2025-05-16,115.85499999999999,100.47071428571428
4,2025-05-17,117.94,100.59357142857142
4,2025-05-18,106.435,95.79214285714285
4,2025-05-19,77.265,91.95714285714284
4,2025-05-20,46.309999999999995,86.40642857142858
4,2025-05-21,84.44,88.49928571428572
4,2025-05-22,79.565,89.68714285714286
4,2025-05-23,108.5,88.63642857142858
4,2025-05-24,107.005,87.07428571428571
4,2025-05-25,106.395,87.06857142857143
4,2025-05-26,83.81,88.00357142857142
4,2025-05-27,83.14999999999999,93.26642857142858
4,2025-05-28,102.945,95.91
4,2025-05-29,80.075,95.98285714285714
4,2025-05-30,82.535,92.27357142857143
4,2025-05-31,137.065,96.56785714285714
4,2025-06-01,145.925,102.215
4,2025-06-02,82.175,101.98142857142857
4,2025-06-03,113.075,106.25642857142859
4,2025-06-04,112.345,107.59928571428573
4,2025-06-05,122.67,113.6842857142857
4,2025-06-06,113.89,118.16357142857143
4,2025-06-07,128.545,116.94642857142857
4,2025-06-08,97.08,109.96857142857142
4,2025-06-09,60.98,106.9407142857143
4,2025-06-10,55.975,98.78357142857143
4,2025-06-11,21.79,85.84714285714286
4,2025-06-12,77.455,79.38785714285714
4,2025-06-13,137.155,82.71142857142857
4,2025-06-14,150.25,85.81214285714285
4,2025-06-15,106.425,87.14714285714285
4,2025-06-16,47.765,85.25928571428572
4,2025-06-17,91.955,90.39928571428571
4,2025-06-18,85.13499999999999,99.44857142857143
4,2025-06-19,86.67999999999999,100.76642857142858
4,2025-06-20,111.89999999999999,97.15857142857143
4,2025-06-21,104.86,90.67428571428572
4,2025-06-22,120.51,92.68642857142858
4,2025-06-23,81.655,97.52785714285713
4,2025-06-24,96.13,98.12428571428572
4,2025-06-25,61.48,94.745
4,2025-06-26,85.45,94.56928571428571
4,2025-06-27,138.325,98.3442857142857
4,2025-06-28,131.98499999999999,102.21928571428569
4,2025-06-29,143.79999999999998,105.54642857142856
4,2025-06-30,101.24,108.3442857142857
4,2025-07-01,143.265,115.07785714285713
4,2025-07-02,70.52,116.36928571428571
4,2025-07-03,137.62,123.82214285714284
4,2025-07-04,121.36999999999999,121.39999999999998
4,2025-07-05,178.435,128.03571428571428
4,2025-07-06,155.685,129.73357142857142
4,2025-07-07,173.57999999999998,140.06785714285712
4,2025-07-08,87.645,132.12214285714285
4,2025-07-09,100.535,136.41
4,2025-07-10,136.245,136.21357142857144
4,2025-07-11,112.88,135.0007142857143
4,2025-07-12,126.815,127.62642857142858
4,2025-07-13,123.865,123.0807142857143
4,2025-07-14,75.17,109.02214285714285
4,2025-07-15,133.665,115.59642857142856
4,2025-07-16,120.985,118.51785714285714
4,2025-07-17,110.935,114.90214285714285
4,2025-07-18,144.015,119.35
4,2025-07-19,171.655,125.75571428571428
4,2025-07-20,157.89,130.61642857142857
4,2025-07-21,88.335,132.49714285714285
4,2025-07-22,104.79,128.37214285714285
4,2025-07-23,46.945,117.795
4,2025-07-24,87.715,114.47785714285715
4,2025-07-25,146.285,114.80214285714285
4,2025-07-26,106.28999999999999,105.46428571428571
4,2025-07-27,114.60499999999999,99.2807142857143
4,2025-07-28,98.375,100.715
4,2025-07-29,119.97,102.88357142857141
4,2025-07-30,84.84,108.29714285714284
4,2025-07-31,99.06,109.91785714285716
4,2025-08-01,125.57499999999999,106.9592857142857
4,2025-08-02,95.78,105.45785714285714
4,2025-08-03,153.82999999999998,111.06142857142856
4,2025-08-04,81.015,108.58142857142856
4,2025-08-05,137.98,111.1542857142857
4,2025-08-06,128.63,117.41
4,2025-08-07,81.565,114.91071428571429
4,2025-08-08,87.79,109.51285714285714
4,2025-08-09,184.84,122.23571428571427
4,2025-08-10,118.97,117.25571428571428
4,2025-08-11,111.85,121.66071428571429
4,2025-08-12,99.94,116.22642857142857
4,2025-08-13,79.07,109.14642857142857
4,2025-08-14,72.09,107.79285714285716
4,2025-08-15,160.875,118.23357142857142
4,2025-08-16,140.71,111.92928571428573
4,2025-08-17,109.175,110.53
4,2025-08-18,65.49,103.90714285714286
4,2025-08-19,93.985,103.05642857142858
4,2025-08-20,107.41499999999999,107.10571428571428
4,2025-08-21,61.79,105.63428571428571
4,2025-08-22,86.84,95.05785714285715
4,2025-08-23,161.13,97.975
4,2025-08-24,144.015,102.95214285714285
4,2025-08-25,57.305,101.78285714285713
4,2025-08-26,66.52,97.85928571428569
4,2025-08-27,122.23,99.97571428571428
4,2025-08-28,116.44,107.78285714285714
4,2025-08-29,114.16,111.68571428571428
4,2025-08-30,128.085,106.965
4,2025-08-31,115.27499999999999,102.85928571428572
4,2025-09-01,101.085,109.11357142857143
4,2025-09-02,78.50999999999999,110.82642857142858
4,2025-09-03,67.21,102.96642857142857
4,2025-09-04,77.395,97.38857142857144
4,2025-09-05,155.69,103.32142857142857
4,2025-09-06,137.2,104.62357142857142
4,2025-09-07,107.97999999999999,103.58142857142856
4,2025-09-08,110.925,104.98714285714286
4,2025-09-09,111.52,109.70285714285714
4,2025-09-10,102.83999999999999,114.79285714285713
4,2025-09-11,61.504999999999995,112.52285714285713
4,2025-09-12,111.74,106.24428571428571
4,2025-09-13,104.37,101.55428571428571
4,2025-09-14,131.995,104.985
4,2025-09-15,72.955,99.56071428571428
4,2025-09-16,70.205,93.65857142857142
4,2025-09-17,85.605,91.19642857142857
4,2025-09-18,76.25999999999999,93.30428571428571
4,2025-09-19,118.50999999999999,94.27142857142857
4,2025-09-20,130.045,97.93928571428572
4,2025-09-21,111.085,94.95214285714285
4,2025-09-22,57.675,92.76928571428572
4,2025-09-23,94.19,96.19571428571429
4,2025-09-24,51.525,91.32714285714285
4,2025-09-25,178.91,105.99142857142859
4,2025-09-26,137.195,108.66071428571429
4,2025-09-27,107.24,105.40285714285713
4,2025-09-28,143.12,109.97928571428572
4,2025-09-29,120.6,118.96857142857144
4,2025-09-30,112.21,121.54285714285713
4,2025-10-01,120.13499999999999,131.34428571428572
4,2025-10-02,84.925,117.91785714285716
4,2025-10-03,79.54,109.68142857142857
4,2025-10-04,147.73499999999999,115.46642857142857
4,2025-10-05,89.735,107.84
4,2025-10-06,62.699999999999996,99.56857142857142
4,2025-10-07,76.715,94.49785714285714
4,2025-10-08,55.105,85.20785714285715
4,2025-10-09,62.31,81.97714285714287
4,2025-10-10,131.09,89.34142857142857
4,2025-10-11,118.53,85.1692857142857
4,2025-10-12,109.24,87.95571428571428
4,2025-10-13,79.655,90.37785714285715
4,2025-10-14,83.905,91.405
4,2025-10-15,102.385,98.15928571428572
4,2025-10-16,132.245,108.14999999999999
4,2025-10-17,162.96,112.70285714285716
4,2025-10-18,97.84,109.74714285714286
4,2025-10-19,113.42,110.34428571428573
4,2025-10-20,90.575,111.9042857142857
4,2025-10-21,115.16499999999999,116.37
4,2025-10-22,57.125,109.90428571428572
4,2025-10-23,75.195,101.75428571428571
4,2025-10-24,92.49,91.68714285714285
4,2025-10-25,101.19,92.1657142857143
4,2025-10-26,119.45,93.02714285714285
4,2025-10-27,68.27,89.84071428571428
4,2025-10-28,101.355,87.86785714285713
4,2025-10-29,96.725,93.52499999999999
4,2025-10-30,77.35,93.83285714285715
4,2025-10-31,126.655,98.71357142857143
4,2025-11-01,173.375,109.02571428571427
4,2025-11-02,129.305,110.43357142857144
4,2025-11-03,129.9,119.23785714285715
4,2025-11-04,98.405,118.81642857142857
4,2025-11-05,136.655,124.52071428571428
4,2025-11-06,109.01,129.04357142857143
4,2025-11-07,152.65,132.75714285714284
4,2025-11-08,117.16,124.72642857142857
4,2025-11-09,115.63,122.77285714285713
4,2025-11-10,130.24,122.82142857142857
4,2025-11-11,87.62,121.2807142857143
4,2025-11-12,114.985,118.18500000000002
4,2025-11-13,83.7,114.56928571428571
4,2025-11-14,147.015,113.76428571428572
4,2025-11-15,116.1,113.61285714285714
4,2025-11-16,170.255,121.41642857142857
4,2025-11-17,142.305,123.14
4,2025-11-18,85.525,122.84071428571428
4,2025-11-19,100.61,120.78714285714285
4,2025-11-20,74.715,119.50357142857142
4,2025-11-21,186.57999999999998,125.1557142857143
4,2025-11-22,184.56,134.93571428571428
4,2025-11-23,206.315,140.08714285714285
4,2025-11-24,106.87,135.025
4,2025-11-25,113.925,139.08214285714286
4,2025-11-26,113.99,140.9935714285714
4,2025-11-27,98.69,144.41857142857143
4,2025-11-28,120.72999999999999,135.01142857142855
4,2025-11-29,129.08,127.08571428571429
4,2025-11-30,117.88499999999999,114.45285714285714
5,2024-06-01,93.425,93.425
5,2024-06-02,83.97999999999999,88.70249999999999
5,2024-06-03,92.17,89.85833333333333
5,2024-06-04,27.165,74.185
5,2024-06-05,64.16,72.17999999999999
5,2024-06-06,97.17,76.345
5,2024-06-07,98.0,79.43857142857142
5,2024-06-08,80.79,77.63357142857141
5,2024-06-09,113.205,81.80857142857143
5,2024-06-10,121.23,85.96000000000001
5,2024-06-11,48.66,89.0307142857143
5,2024-06-12,39.205,85.4657142857143
5,2024-06-13,56.925,79.71642857142857
5,2024-06-14,77.77,76.82642857142856
5,2024-06-15,80.365,76.76571428571428
5,2024-06-16,85.065,72.74571428571429
5,2024-06-17,109.0,70.99857142857142
5,2024-06-18,50.06,71.19857142857143
5,2024-06-19,73.88,76.15214285714286
5,2024-06-20,91.335,81.06785714285715
5,2024-06-21,114.79,86.35642857142857
5,2024-06-22,59.485,83.37357142857142
5,2024-06-23,109.94,86.92714285714285
5,2024-06-24,87.28,83.82428571428571
5,2024-06-25,94.405,90.15928571428572
5,2024-06-26,84.845,91.72571428571428
5,2024-06-27,68.87,88.51642857142858
5,2024-06-28,135.88,91.5292857142857
5,2024-06-29,128.2,101.34571428571428
5,2024-06-30,101.38,100.12285714285714
5,2024-07-01,69.5,97.58285714285714
5,2024-07-02,65.49,93.45214285714285
5,2024-07-03,79.355,92.66785714285713
5,2024-07-04,98.96,96.96642857142855
5,2024-07-05,105.355,92.60571428571428
5,2024-07-06,109.36,89.91428571428571
5,2024-07-07,111.67999999999999,91.38571428571429
5,2024-07-08,101.345,95.93499999999999
5,2024-07-09,130.815,105.26714285714286
5,2024-07-10,90.39,106.84357142857142
5,2024-07-11,81.22,104.30928571428572
5,2024-07-12,129.39,107.74285714285715
5,2024-07-13,84.00999999999999,104.12142857142855
5,2024-07-14,123.205,105.76785714285712
5,2024-07-15,103.53,106.08
5,2024-07-16,110.345,103.15571428571427
5,2024-07-17,122.465,107.73785714285714
5,2024-07-18,87.78999999999999,108.67642857142856
5,2024-07-19,102.24,104.79785714285715
5,2024-07-20,142.68,113.17928571428573
5,2024-07-21,104.44,110.49857142857142
5,2024-07-22,66.97,105.2757142857143
5,2024-07-23,117.13,106.245
5,2024-07-24,114.14999999999999,105.05714285714285
5,2024-07-25,80.17,103.96857142857142
5,2024-07-26,102.64999999999999,104.02714285714285
5,2024-07-27,178.965,109.21071428571429
5,2024-07-28,130.075,112.87285714285713
5,2024-07-29,84.955,115.44214285714284
5,2024-07-30,123.63,116.37071428571427
5,2024-07-31,73.67,110.58785714285715
5,2024-08-01,102.38,113.76071428571429
5,2024-08-02,131.615,117.89857142857143
5,2024-08-03,151.875,114.02857142857144
5,2024-08-04,96.16,109.18357142857143
5,2024-08-05,65.21,106.36285714285714
5,2024-08-06,84.83,100.82000000000001
5,2024-08-07,82.925,102.14214285714284
5,2024-08-08,76.27,98.41214285714285
5,2024-08-09,151.915,101.31214285714286
5,2024-08-10,113.44,95.82142857142856
5,2024-08-11,95.295,95.69785714285715
5,2024-08-12,64.78,95.63642857142858
5,2024-08-13,102.775,98.2
5,2024-08-14,108.00999999999999,101.78357142857143
5,2024-08-15,68.44,100.66499999999999
5,2024-08-16,120.405,96.16357142857143
5,2024-08-17,68.91,89.80214285714285
5,2024-08-18,102.715,90.86214285714286
5,2024-08-19,97.825,95.58285714285714
5,2024-08-20,45.93,87.46214285714287
5,2024-08-21,82.705,83.84714285714287
5,2024-08-22,69.91499999999999,84.05785714285715
5,2024-08-23,85.66499999999999,79.095
5,2024-08-24,128.995,87.67857142857143
5,2024-08-25,159.48,95.78785714285713
5,2024-08-26,76.3,92.71285714285715
5,2024-08-27,90.74499999999999,99.115
5,2024-08-28,62.14,96.17714285714284
5,2024-08-29,30.33,90.52214285714285
5,2024-08-30,114.155,94.59214285714286
5,2024-08-31,59.555,84.67214285714284
5,2024-09-01,118.03999999999999,78.75214285714286
5,2024-09-02,39.6,73.50928571428572
5,2024-09-03,124.00999999999999,78.26142857142857
5,2024-09-04,100.92,83.80142857142857
5,2024-09-05,72.075,89.765
5,2024-09-06,128.48499999999999,91.81214285714285
5,2024-09-07,114.365,99.64214285714286
5,2024-09-08,87.33,95.255
5,2024-09-09,99.185,103.76714285714284
5,2024-09-10,88.85499999999999,98.74499999999999
5,2024-09-11,87.17999999999999,96.78214285714284
5,2024-09-12,87.225,98.94642857142856
5,2024-09-13,119.36,97.64285714285714
5,2024-09-14,117.445,98.08285714285714
5,2024-09-15,128.515,103.96642857142855
5,2024-09-16,74.66,100.46285714285715
5,2024-09-17,89.245,100.51857142857143
5,2024-09-18,51.24,95.38428571428572
5,2024-09-19,51.88,90.33500000000001
5,2024-09-20,149.515,94.64285714285714
5,2024-09-21,144.085,98.44857142857144
5,2024-09-22,102.345,94.71
5,2024-09-23,66.38,93.52714285714285
5,2024-09-24,59.445,89.27
5,2024-09-25,75.56,92.74428571428571
5,2024-09-26,89.765,98.15642857142856
5,2024-09-27,96.1,90.52571428571427
5,2024-09-28,128.065,88.23714285714286
5,2024-09-29,141.405,93.81714285714284
5,2024-09-30,154.01,106.33571428571427
5,2024-10-01,77.92,108.97500000000001
5,2024-10-02,77.875,109.30571428571429
5,2024-10-03,67.25,106.08928571428571
5,2024-10-04,99.38,106.55785714285715
5,2024-10-05,103.07,102.98714285714286
5,2024-10-06,69.965,92.78142857142858
5,2024-10-07,88.41,83.41
5,2024-10-08,76.6,83.22142857142856
5,2024-10-09,100.64999999999999,86.47500000000001
5,2024-10-10,59.089999999999996,85.3092857142857
5,2024-10-11,112.79,87.22500000000001
5,2024-10-12,113.125,88.66142857142857
5,2024-10-13,151.195,100.26571428571427
5,2024-10-14,87.065,100.07357142857143
5,2024-10-15,108.575,104.64142857142858
5,2024-10-16,80.415,101.75071428571428
5,2024-10-17,59.995,101.88
5,2024-10-18,165.23499999999999,109.37214285714286
5,2024-10-19,148.39,114.41
5,2024-10-20,129.375,111.29285714285713
5,2024-10-21,101.82,113.40071428571427
5,2024-10-22,116.485,114.53071428571427
5,2024-10-23,66.86,112.5942857142857
5,2024-10-24,131.275,122.77714285714285
5,2024-10-25,116.68,115.84071428571428
5,2024-10-26,97.22,108.53071428571427
5,2024-10-27,88.615,102.70785714285714
5,2024-10-28,84.39,100.21785714285716
5,2024-10-29,98.345,97.62642857142858
5,2024-10-30,95.66499999999999,101.74142857142859
5,2024-10-31,78.80999999999999,94.24642857142858
5,2024-11-01,145.34,98.34071428571428
5,2024-11-02,147.98499999999999,105.59285714285713
5,2024-11-03,131.77,111.75785714285715
5,2024-11-04,110.99499999999999,115.55857142857141
5,2024-11-05,117.35499999999999,118.27428571428571
5,2024-11-06,116.485,121.24857142857141
5,2024-11-07,75.69,120.80285714285712
5,2024-11-08,176.25,125.21857142857142
5,2024-11-09,134.995,123.36285714285714
5,2024-11-10,128.905,122.95357142857144
5,2024-11-11,78.035,118.245
5,2024-11-12,74.6,112.13714285714286
5,2024-11-13,106.11,110.655
5,2024-11-14,91.465,112.90857142857142
5,2024-11-15,151.685,109.39928571428571
5,2024-11-16,178.7,115.64285714285714
5,2024-11-17,105.45,112.29214285714285
5,2024-11-18,113.73,117.39142857142858
5,2024-11-19,113.265,122.91499999999999
5,2024-11-20,87.735,120.28999999999999
5,2024-11-21,183.04999999999998,133.37357142857144
5,2024-11-22,130.28,130.31571428571428
5,2024-11-23,131.355,123.55214285714284
5,2024-11-24,152.415,130.26142857142855
5,2024-11-25,91.655,127.10785714285714
5,2024-11-26,98.91,125.05714285714285
5,2024-11-27,67.74,122.20071428571428
5,2024-11-28,77.33500000000001,107.09857142857143
5,2024-11-29,125.67999999999999,106.44142857142857
5,2024-11-30,124.03999999999999,105.39642857142857
5,2024-12-01,154.495,105.69357142857142
5,2024-12-02,92.845,105.86357142857142
5,2024-12-03,94.345,105.21142857142857
5,2024-12-04,76.06,106.39999999999999
5,2024-12-05,92.41,108.55357142857143
5,2024-12-06,95.02,104.17357142857144
5,2024-12-07,130.39,105.0807142857143
5,2024-12-08,109.94,98.71571428571428
5,2024-12-09,100.49499999999999,99.80857142857143
5,2024-12-10,60.46,94.96785714285714
5,2024-12-11,109.28999999999999,99.715
5,2024-12-12,98.485,100.58285714285715
5,2024-12-13,175.73,112.11285714285714
5,2024-12-14,77.8,104.60000000000001
5,2024-12-15,116.00999999999999,105.46714285714286
5,2024-12-16,110.25,106.86071428571428
5,2024-12-17,133.625,117.31285714285714
5,2024-12-18,91.41499999999999,114.75928571428571
5,2024-12-19,108.895,116.24642857142855
5,2024-12-20,129.79999999999998,109.68499999999997
5,2024-12-21,172.79,123.255
5,2024-12-22,137.025,126.25714285714285
5,2024-12-23,82.385,122.27642857142857
5,2024-12-24,87.515,115.6892857142857
5,2024-12-25,148.81,123.88857142857144
5,2024-12-26,106.085,123.48714285714286
5,2024-12-27,88.66,117.61
5,2024-12-28,110.84,108.75999999999999
5,2024-12-29,144.57999999999998,109.83928571428571
5,2024-12-30,80.335,109.54642857142858
5,2024-12-31,101.615,111.56071428571428
5,2025-01-01,71.775,100.55571428571429
5,2025-01-02,52.22,92.8607142857143
5,2025-01-03,93.585,93.5642857142857
5,2025-01-04,109.63499999999999,93.39214285714286
5,2025-01-05,139.075,92.60571428571428
5,2025-01-06,77.155,92.15142857142857
5,2025-01-07,84.91,89.76499999999999
5,2025-01-08,77.24499999999999,90.54642857142856
5,2025-01-09,69.955,93.08
5,2025-01-10,111.34,95.61642857142856
5,2025-01-11,87.28999999999999,92.42428571428572
5,2025-01-12,55.525,80.48857142857142
5,2025-01-13,66.61999999999999,78.98357142857142
5,2025-01-14,95.96,80.56214285714285
5,2025-01-15,83.42,81.4442857142857
5,2025-01-16,89.91,84.29499999999999
5,2025-01-17,115.985,84.95857142857142
5,2025-01-18,139.45,92.40999999999998
5,2025-01-19,126.21499999999999,102.50857142857141
5,2025-01-20,99.91,107.2642857142857
5,2025-01-21,100.31,107.88571428571427
5,2025-01-22,106.945,111.24642857142855
5,2025-01-23,91.21,111.43214285714285
5,2025-01-24,128.095,113.16214285714285
5,2025-01-25,140.25,113.27642857142857
5,2025-01-26,110.815,111.07642857142856
5,2025-01-27,94.28,110.27214285714285
5,2025-01-28,59.464999999999996,104.43714285714285
5,2025-01-29,105.225,104.19142857142857
5,2025-01-30,90.125,104.03642857142857
5,2025-01-31,101.81,100.28142857142858
5,2025-02-01,100.74499999999999,94.63785714285713
5,2025-02-02,118.96,95.80142857142857
5,2025-02-03,52.89,89.88857142857141
5,2025-02-04,67.8,91.07928571428572
5,2025-02-05,44.8,82.44714285714285
5,2025-02-06,120.695,86.8142857142857
5,2025-02-07,177.23,97.58857142857141
5,2025-02-08,90.355,96.1042857142857
5,2025-02-09,67.755,88.78928571428571
5,2025-02-10,62.175,90.11571428571428
5,2025-02-11,75.695,91.24357142857141
5,2025-02-12,62.309999999999995,93.745
5,2025-02-13,43.01,82.64714285714285
5,2025-02-14,132.48499999999999,76.255
5,2025-02-15,99.49,77.55999999999999
5,2025-02-16,133.305,86.92428571428572
5,2025-02-17,93.655,91.42142857142858
5,2025-02-18,59.37,89.08928571428571
5,2025-02-19,63.405,89.24571428571429
5,2025-02-20,78.89999999999999,94.37285714285714
5,2025-02-21,116.56,92.09785714285714
5,2025-02-22,111.685,93.84
5,2025-02-23,105.85499999999999,89.91857142857144
5,2025-02-24,92.65,89.77499999999999
5,2025-02-25,59.76,89.83071428571428
5,2025-02-26,89.365,93.53928571428571
5,2025-02-27,88.99499999999999,94.98142857142857
5,2025-02-28,76.34,89.23571428571428
5,2025-03-01,111.75,89.245
5,2025-03-02,96.66499999999999,87.93214285714285
5,2025-03-03,85.64,86.93071428571429
5,2025-03-04,95.485,92.03428571428572
5,2025-03-05,88.285,91.88
5,2025-03-06,80.69,90.69357142857143
5,2025-03-07,158.855,102.48142857142855
5,2025-03-08,158.545,109.16642857142857
5,2025-03-09,157.105,117.80071428571429
5,2025-03-10,64.78999999999999,114.82214285714285
5,2025-03-11,56.99,109.32285714285715
5,2025-03-12,65.1,106.01071428571429
5,2025-03-13,65.005,103.76999999999998
5,2025-03-14,137.295,100.68999999999998
5,2025-03-15,101.77,92.5792857142857
5,2025-03-16,159.635,92.9407142857143
5,2025-03-17,124.17,101.42357142857144
5,2025-03-18,74.06,103.86214285714286
5,2025-03-19,49.74,101.66785714285713
5,2025-03-20,110.55499999999999,108.175
5,2025-03-21,130.09,107.14571428571428
5,2025-03-22,57.635,100.8407142857143
5,2025-03-23,90.78999999999999,91.00571428571428
5,2025-03-24,92.63,86.5
5,2025-03-25,69.69,85.87571428571428
5,2025-03-26,89.335,91.53214285714286
5,2025-03-27,124.175,93.47785714285713
5,2025-03-28,92.05,88.04357142857143
5,2025-03-29,117.575,96.60642857142855
5,2025-03-30,187.855,110.47285714285714
5,2025-03-31,37.62,102.61428571428571
5,2025-04-01,94.935,106.2207142857143
5,2025-04-02,77.48,104.52714285714285
5,2025-04-03,64.17999999999999,95.95642857142857
5,2025-04-04,148.0,103.94928571428571
5,2025-04-05,149.37,108.49142857142859
5,2025-04-06,141.575,101.88
5,2025-04-07,111.105,112.37785714285714
5,2025-04-08,93.55,112.17999999999999
5,2025-04-09,93.77499999999999,114.50785714285715
5,2025-04-10,59.94,113.90214285714285
5,2025-04-11,149.79999999999998,114.15928571428572
5,2025-04-12,102.175,107.41714285714285
5,2025-04-13,143.73,107.72500000000001
5,2025-04-14,98.6,105.93857142857142
5,2025-04-15,70.57,102.6557142857143
5,2025-04-16,77.45,100.32357142857141
5,2025-04-17,97.795,105.73142857142857
5,2025-04-18,94.815,97.87642857142855
5,2025-04-19,156.36499999999998,105.61785714285713
5,2025-04-20,89.81,97.91499999999999
5,2025-04-21,70.11,93.845
5,2025-04-22,99.16499999999999,97.92999999999999
5,2025-04-23,60.745,95.54357142857144
5,2025-04-24,76.86,92.55285714285712
5,2025-04-25,159.875,101.84714285714287
5,2025-04-26,94.075,92.94857142857143
5,2025-04-27,103.36,94.88428571428571
5,2025-04-28,80.52499999999999,96.37214285714286
5,2025-04-29,86.405,94.5492857142857
5,2025-04-30,59.205,94.3292857142857
5,2025-05-01,66.23,92.81071428571428
5,2025-05-02,114.61999999999999,86.34571428571428
5,2025-05-03,121.665,90.28714285714285
5,2025-05-04,146.31,96.42285714285715
5,2025-05-05,110.85,100.755
5,2025-05-06,55.765,96.37785714285714
5,2025-05-07,79.455,99.27071428571428
5,2025-05-08,115.9,106.36642857142856
5,2025-05-09,71.11,100.15071428571427
5,2025-05-10,108.21499999999999,98.22928571428572
5,2025-05-11,129.5,95.82785714285716
5,2025-05-12,90.515,92.92285714285715
5,2025-05-13,64.12,94.11642857142859
5,2025-05-14,76.49,93.69285714285715
5,2025-05-15,89.975,89.98928571428571
5,2025-05-16,135.48499999999999,99.18571428571428
5,2025-05-17,123.61,101.38499999999999
5,2025-05-18,97.985,96.88285714285713
5,2025-05-19,76.08,94.82071428571429
5,2025-05-20,94.065,99.09857142857142
5,2025-05-21,78.75,99.42142857142856
5,2025-05-22,158.01,109.14071428571427
5,2025-05-23,106.005,104.92928571428571
5,2025-05-24,113.515,103.48714285714286
5,2025-05-25,100.30499999999999,103.81857142857143
5,2025-05-26,63.49,102.01999999999998
5,2025-05-27,87.03999999999999,101.01642857142858
5,2025-05-28,69.31,99.66785714285713
5,2025-05-29,65.395,86.43714285714285
5,2025-05-30,137.865,90.98857142857143
5,2025-05-31,144.065,95.35285714285715
5,2025-06-01,159.04,103.74357142857141
5,2025-06-02,86.035,106.96428571428571
5,2025-06-03,75.375,105.29785714285715
5,2025-06-04,73.905,105.95428571428572
5,2025-06-05,132.225,115.50142857142858
5,2025-06-06,109.75,111.485
5,2025-06-07,136.365,110.38499999999999
5,2025-06-08,150.16,109.11642857142859
5,2025-06-09,80.6,108.33999999999999
5,2025-06-10,100.59,111.94214285714284
5,2025-06-11,87.575,113.895
5,2025-06-12,132.98499999999999,114.0035714285714
5,2025-06-13,115.495,114.82428571428571
5,2025-06-14,149.655,116.72285714285714
5,2025-06-15,135.745,114.66357142857143
5,2025-06-16,102.775,117.83142857142857
5,2025-06-17,88.33,116.08000000000001
5,2025-06-18,122.19,121.02499999999999
5,2025-06-19,67.56,111.67857142857144
5,2025-06-20,131.45,113.95785714285715
5,2025-06-21,152.755,114.40071428571427
5,2025-06-22,128.245,113.3292857142857
5,2025-06-23,125.44999999999999,116.56857142857143
5,2025-06-24,78.655,115.18642857142856
5,2025-06-25,109.175,113.32714285714285
5,2025-06-26,77.67999999999999,114.77285714285712
5,2025-06-27,100.535,110.35642857142857
5,2025-06-28,119.49,105.60428571428572
5,2025-06-29,129.98,105.85214285714285
5,2025-06-30,87.865,100.48285714285713
5,2025-07-01,97.65,103.19642857142857
5,2025-07-02,128.325,105.93214285714285
5,2025-07-03,122.78999999999999,112.37642857142858
5,2025-07-04,104.47,112.93857142857142
5,2025-07-05,104.2,110.75428571428571
5,2025-07-06,142.45,112.53571428571426
5,2025-07-07,138.48,119.76642857142858
5,2025-07-08,79.355,117.15285714285713
5,2025-07-09,74.095,109.40571428571427
5,2025-07-10,90.87,104.84571428571428
5,2025-07-11,132.16,108.80142857142856
5,2025-07-12,124.21,111.65999999999998
5,2025-07-13,193.59,118.96571428571428
5,2025-07-14,122.41499999999999,116.67071428571428
5,2025-07-15,80.91,116.89285714285714
5,2025-07-16,88.87,119.00357142857145
5,2025-07-17,104.53999999999999,120.95642857142857
5,2025-07-18,166.685,125.88857142857144
5,2025-07-19,121.3,125.47285714285715
5,2025-07-20,155.39499999999998,120.01642857142858
5,2025-07-21,103.935,117.37642857142858
5,2025-07-22,80.685,117.34428571428569
5,2025-07-23,123.175,122.245
5,2025-07-24,150.79999999999998,128.85357142857143
5,2025-07-25,175.17,130.06571428571428
5,2025-07-26,122.55,130.2442857142857
5,2025-07-27,135.48499999999999,127.39999999999999
5,2025-07-28,114.19,128.86499999999998
5,2025-07-29,63.515,126.41214285714284
5,2025-07-30,124.19,126.55714285714285
5,2025-07-31,81.02499999999999,116.58928571428571
5,2025-08-01,117.58,108.36214285714286
5,2025-08-02,129.665,109.3785714285714
5,2025-08-03,130.82,108.71214285714287
5,2025-08-04,62.144999999999996,101.27714285714285
5,2025-08-05,121.485,109.55857142857143
5,2025-08-06,100.74499999999999,106.2092857142857
5,2025-08-07,97.18,108.51714285714284
5,2025-08-08,129.355,110.19928571428571
5,2025-08-09,118.75,108.64
5,2025-08-10,135.69,109.33571428571427
5,2025-08-11,115.035,116.89142857142858
5,2025-08-12,58.895,107.95
5,2025-08-13,72.675,103.93999999999998
5,2025-08-14,57.045,98.20642857142857
5,2025-08-15,105.33,94.77428571428571
5,2025-08-16,92.395,91.00928571428571
5,2025-08-17,96.02,85.34214285714286
5,2025-08-18,116.86,85.60285714285715
5,2025-08-19,105.405,92.24714285714286
5,2025-08-20,86.78,94.26214285714285
5,2025-08-21,116.09,102.69714285714285
5,2025-08-22,152.78,109.47571428571428
5,2025-08-23,182.085,122.28857142857143
5,2025-08-24,116.88499999999999,125.26928571428572
5,2025-08-25,56.504999999999995,116.64714285714285
5,2025-08-26,85.25,113.76785714285714
5,2025-08-27,109.685,117.04
5,2025-08-28,85.72,112.70142857142858
5,2025-08-29,109.735,106.55214285714285
5,2025-08-30,170.54999999999998,104.9042857142857
5,2025-08-31,125.50999999999999,106.13642857142857
5,2025-09-01,114.975,114.48928571428571
5,2025-09-02,98.585,116.39428571428572
5,2025-09-03,81.08,112.30785714285715
5,2025-09-04,84.445,112.12571428571427
5,2025-09-05,140.19,116.47642857142857
5,2025-09-06,93.75,105.50500000000001
5,2025-09-07,154.98,109.715
5,2025-09-08,57.33,101.48
5,2025-09-09,106.16,102.56214285714285
5,2025-09-10,95.395,104.60714285714286
5,2025-09-11,97.30499999999999,106.44428571428571
5,2025-09-12,116.115,103.00500000000001
5,2025-09-13,111.80499999999999,105.58428571428571
5,2025-09-14,113.465,99.65357142857144
5,2025-09-15,105.28,106.50357142857142
5,2025-09-16,100.56,105.70357142857142
5,2025-09-17,115.485,108.57357142857143
5,2025-09-18,126.77499999999999,112.78357142857142
5,2025-09-19,154.585,118.2792857142857
5,2025-09-20,152.19,124.04857142857142
5,2025-09-21,120.855,125.1042857142857
5,2025-09-22,43.8,116.32142857142857
5,2025-09-23,92.725,115.20214285714285
5,2025-09-24,102.225,113.30785714285715
5,2025-09-25,93.535,108.5592857142857
5,2025-09-26,118.28999999999999,103.37428571428572
5,2025-09-27,110.24,97.38142857142859
5,2025-09-28,103.14,94.85071428571429
5,2025-09-29,75.615,99.39571428571428
5,2025-09-30,92.16,99.31500000000001
5,2025-10-01,78.92999999999999,95.98714285714286
5,2025-10-02,59.085,91.0657142857143
5,2025-10-03,121.50999999999999,91.52571428571427
5,2025-10-04,165.5,99.41999999999999
5,2025-10-05,72.95,95.10714285714286
5,2025-10-06,88.505,96.94857142857143
5,2025-10-07,71.19,93.95285714285714
5,2025-10-08,81.12,94.26571428571428
5,2025-10-09,71.095,95.98142857142857
5,2025-10-10,74.195,89.22214285714286
5,2025-10-11,191.85,92.98642857142856
5,2025-10-12,89.03,95.28357142857142
5,2025-10-13,48.629999999999995,89.58714285714284
5,2025-10-14,96.98,93.27142857142857
5,2025-10-15,65.8,91.08285714285714
5,2025-10-16,149.185,102.23857142857142
5,2025-10-17,122.14,109.08785714285715
5,2025-10-18,94.81,95.22500000000001
5,2025-10-19,171.92499999999998,107.06714285714285
5,2025-10-20,98.17999999999999,114.14571428571428
5,2025-10-21,46.225,106.895
5,2025-10-22,112.11999999999999,113.51214285714285
5,2025-10-23,82.38,103.96857142857142
5,2025-10-24,129.0,104.94857142857143
5,2025-10-25,76.52499999999999,102.33642857142856
5,2025-10-26,148.645,99.01071428571429
5,2025-10-27,61.809999999999995,93.81500000000001
5,2025-10-28,116.64,103.87428571428572
5,2025-10-29,70.81,97.97285714285714
5,2025-10-30,108.47999999999999,101.70142857142856
5,2025-10-31,126.24,101.30714285714285
5,2025-11-01,177.92499999999998,115.79285714285713
5,2025-11-02,135.445,113.90714285714286
5,2025-11-03,109.14,120.66857142857143
5,2025-11-04,103.155,118.74214285714285
5,2025-11-05,134.275,127.80857142857144
5,2025-11-06,107.765,127.70642857142857
5,2025-11-07,186.265,136.28142857142856
5,2025-11-08,121.67999999999999,128.24642857142857
5,2025-11-09,145.605,129.69785714285715
5,2025-11-10,88.85499999999999,126.79999999999998
5,2025-11-11,119.985,129.2042857142857
5,2025-11-12,79.725,121.41142857142857
5,2025-11-13,127.2,124.18785714285711
5,2025-11-14,106.845,112.84214285714286
5,2025-11-15,155.175,117.62714285714286
5,2025-11-16,180.795,122.65428571428572
5,2025-11-17,87.35,122.43928571428572
5,2025-11-18,106.195,120.4692857142857
5,2025-11-19,57.67,117.31857142857143
5,2025-11-20,93.785,112.54499999999999
5,2025-11-21,132.385,116.19357142857143
5,2025-11-22,119.905,111.15499999999999
5,2025-11-23,109.53,100.9742857142857
5,2025-11-24,67.705,98.16785714285713
5,2025-11-25,99.965,97.27785714285714
5,2025-11-26,79.94,100.4592857142857
5,2025-11-27,95.28,100.67285714285715
5,2025-11-28,137.19,101.35928571428572
5,2025-11-29,102.505,98.87357142857142
5,2025-11-30,127.31,101.41357142857143
6,2024-06-01,65.05,65.05
6,2024-06-02,119.2,92.125
6,2024-06-03,65.355,83.20166666666667
6,2024-06-04,68.0,79.40125
6,2024-06-05,91.835,81.888
6,2024-06-06,40.55,74.99833333333333
6,2024-06-07,88.23,76.88857142857144
6,2024-06-08,82.38,79.36428571428571
6,2024-06-09,122.22,79.79571428571428
6,2024-06-10,62.379999999999995,79.37071428571429
6,2024-06-11,94.67,83.18071428571429
6,2024-06-12,87.115,82.50642857142857
6,2024-06-13,96.66,90.52214285714285
6,2024-06-14,74.69999999999999,88.58928571428571
6,2024-06-15,130.71,95.49357142857143
6,2024-06-16,80.475,89.53
6,2024-06-17,83.565,92.55642857142857
6,2024-06-18,73.32,89.50642857142859
6,2024-06-19,45.13,83.50857142857144
6,2024-06-20,135.905,89.115
6,2024-06-21,102.02,93.01785714285714
6,2024-06-22,108.74,89.87928571428571
6,2024-06-23,130.64,97.04571428571428
6,2024-06-24,37.64,90.48499999999999
6,2024-06-25,91.52499999999999,93.08571428571427
6,2024-06-26,76.38,97.54999999999998
6,2024-06-27,116.92,94.83785714285715
6,2024-06-28,85.505,92.47857142857143
6,2024-06-29,121.505,94.30214285714285
6,2024-06-30,166.42499999999998,99.41428571428571
6,2024-07-01,54.18,101.77714285714285
6,2024-07-02,68.64999999999999,98.50928571428572
6,2024-07-03,147.345,108.64714285714284
6,2024-07-04,95.27,105.5542857142857
6,2024-07-05,92.00999999999999,106.48357142857141
6,2024-07-06,110.15,104.86142857142856
6,2024-07-07,98.045,95.09285714285714
6,2024-07-08,114.36,103.69000000000001
6,2024-07-09,69.945,103.875
6,2024-07-10,90.81,95.79857142857144
6,2024-07-11,106.99499999999999,97.47357142857143
6,2024-07-12,107.91,99.745
6,2024-07-13,163.56,107.375
6,2024-07-14,195.135,121.24499999999999
6,2024-07-15,49.835,112.02714285714285
6,2024-07-16,110.53,117.82500000000002
6,2024-07-17,78.76,116.10357142857143
6,2024-07-18,94.86,114.36999999999999
6,2024-07-19,197.82,127.21428571428571
6,2024-07-20,130.23,122.45285714285716
6,2024-07-21,135.745,113.96857142857144
6,2024-07-22,135.335,126.18285714285715
6,2024-07-23,96.225,124.13928571428572
6,2024-07-24,90.715,125.84714285714286
6,2024-07-25,61.165,121.03357142857142
6,2024-07-26,167.32,116.67642857142857
6,2024-07-27,124.01,115.78785714285713
6,2024-07-28,175.195,121.42357142857142
6,2024-07-29,75.42,112.86428571428571
6,2024-07-30,68.05499999999999,108.84
6,2024-07-31,52.165,103.33285714285715
6,2024-08-01,59.654999999999994,103.11714285714287
6,2024-08-02,95.005,92.78642857142857
6,2024-08-03,93.52499999999999,88.43142857142857
6,2024-08-04,85.24499999999999,75.58142857142856
6,2024-08-05,70.765,74.91642857142857
6,2024-08-06,75.63,75.99857142857142
6,2024-08-07,97.315,82.44857142857143
6,2024-08-08,40.105,79.6557142857143
6,2024-08-09,110.57,81.87928571428571
6,2024-08-10,114.425,84.865
6,2024-08-11,108.44,88.17857142857143
6,2024-08-12,95.80499999999999,91.75571428571428
6,2024-08-13,85.52,93.16857142857143
6,2024-08-14,85.75,91.51642857142858
6,2024-08-15,94.855,99.33785714285715
6,2024-08-16,110.83,99.375
6,2024-08-17,99.00999999999999,97.17285714285715
6,2024-08-18,91.73,94.78571428571429
6,2024-08-19,59.375,89.58142857142856
6,2024-08-20,75.75,88.18571428571428
6,2024-08-21,45.4,82.42142857142858
6,2024-08-22,102.42999999999999,83.50357142857142
6,2024-08-23,99.265,81.85142857142857
6,2024-08-24,121.3,85.03571428571429
6,2024-08-25,59.66,80.4542857142857
6,2024-08-26,45.71,78.50214285714286
6,2024-08-27,105.67999999999999,82.77785714285713
6,2024-08-28,58.54,84.655
6,2024-08-29,98.69,84.12071428571429
6,2024-08-30,148.43,91.14428571428572
6,2024-08-31,84.225,85.84785714285715
6,2024-09-01,101.34,91.80214285714285
6,2024-09-02,57.239999999999995,93.44928571428571
6,2024-09-03,63.915,87.48285714285714
6,2024-09-04,140.385,99.175
6,2024-09-05,72.015,95.36428571428573
6,2024-09-06,115.895,90.71642857142857
6,2024-09-07,124.69,96.49714285714286
6,2024-09-08,118.00999999999999,98.87857142857145
6,2024-09-09,84.8,102.8157142857143
6,2024-09-10,75.24,104.43357142857143
6,2024-09-11,99.14999999999999,98.54285714285713
6,2024-09-12,97.67999999999999,102.2092857142857
6,2024-09-13,200.4,114.28142857142858
6,2024-09-14,88.935,109.17357142857142
6,2024-09-15,69.365,102.2242857142857
6,2024-09-16,54.605,97.91071428571429
6,2024-09-17,76.27,98.05785714285715
6,2024-09-18,89.645,96.7
6,2024-09-19,110.935,98.59357142857142
6,2024-09-20,78.21,81.13785714285713
6,2024-09-21,99.1,82.59
6,2024-09-22,128.21,90.99642857142855
6,2024-09-23,125.92999999999999,101.18571428571428
6,2024-09-24,47.169999999999995,97.02857142857142
6,2024-09-25,87.78999999999999,96.76357142857144
6,2024-09-26,39.61,86.57428571428571
6,2024-09-27,104.125,90.27642857142857
6,2024-09-28,131.89,94.96071428571427
6,2024-09-29,153.465,98.56857142857142
6,2024-09-30,59.019999999999996,89.00999999999999
6,2024-10-01,118.11999999999999,99.14571428571428
6,2024-10-02,90.995,99.60357142857143
6,2024-10-03,121.355,111.28142857142858
6,2024-10-04,150.265,117.87285714285714
6,2024-10-05,105.91,114.16142857142857
6,2024-10-06,80.31,103.71071428571429
6,2024-10-07,71.565,105.50285714285714
6,2024-10-08,101.14,103.07714285714285
6,2024-10-09,81.665,101.74428571428572
6,2024-10-10,158.13,106.99785714285714
6,2024-10-11,112.91499999999999,101.66214285714285
6,2024-10-12,50.23,93.70785714285715
6,2024-10-13,102.52,96.88071428571428
6,2024-10-14,101.83999999999999,101.2057142857143
6,2024-10-15,87.815,99.30214285714285
6,2024-10-16,92.955,100.91499999999999
6,2024-10-17,93.135,91.63
6,2024-10-18,150.45499999999998,96.99285714285715
6,2024-10-19,46.125,96.40642857142858
6,2024-10-20,123.81,99.44785714285715
6,2024-10-21,116.285,101.51142857142857
6,2024-10-22,62.949999999999996,97.95928571428571
6,2024-10-23,94.81,98.2242857142857
6,2024-10-24,100.015,99.20714285714284
6,2024-10-25,110.08,93.4392857142857
6,2024-10-26,155.185,109.01928571428572
6,2024-10-27,119.08,108.34357142857142
6,2024-10-28,66.49,101.23
6,2024-10-29,88.945,104.94357142857143
6,2024-10-30,72.48,101.75357142857142
6,2024-10-31,83.485,99.39214285714286
6,2024-11-01,150.665,105.18999999999998
6,2024-11-02,117.135,99.75428571428573
6,2024-11-03,150.56,104.25142857142858
6,2024-11-04,63.25,103.78857142857143
6,2024-11-05,97.24,104.97357142857143
6,2024-11-06,70.435,104.68142857142857
6,2024-11-07,106.985,108.03857142857143
6,2024-11-08,149.39,107.85642857142857
6,2024-11-09,117.8,107.95142857142856
6,2024-11-10,149.44,107.79142857142857
6,2024-11-11,85.325,110.94500000000001
6,2024-11-12,147.795,118.16714285714285
6,2024-11-13,68.615,117.90714285714286
6,2024-11-14,82.16499999999999,114.36142857142856
6,2024-11-15,105.655,108.11357142857142
6,2024-11-16,129.585,109.79714285714284
6,2024-11-17,155.845,110.71214285714287
6,2024-11-18,98.86,112.64571428571428
6,2024-11-19,79.325,102.86428571428571
6,2024-11-20,95.935,106.76714285714286
6,2024-11-21,119.13,112.04785714285715
6,2024-11-22,134.88,116.22285714285715
6,2024-11-23,156.775,120.10714285714286
6,2024-11-24,145.685,118.65571428571427
6,2024-11-25,119.88,121.65857142857142
6,2024-11-26,108.845,125.87571428571428
6,2024-11-27,93.285,125.49714285714286
6,2024-11-28,44.02,114.76714285714286
6,2024-11-29,103.015,110.215
6,2024-11-30,155.945,110.09642857142856
6,2024-12-01,128.965,107.70785714285715
6,2024-12-02,112.81,106.69785714285715
6,2024-12-03,77.14,102.16857142857144
6,2024-12-04,86.84,101.24785714285713
6,2024-12-05,82.47999999999999,106.74214285714285
6,2024-12-06,149.63,113.40142857142857
6,2024-12-07,49.25,98.15928571428572
6,2024-12-08,84.845,91.85642857142857
6,2024-12-09,59.505,84.24142857142856
6,2024-12-10,121.76,90.61571428571428
6,2024-12-11,127.235,96.38642857142858
6,2024-12-12,111.905,100.59
6,2024-12-13,136.32,98.68857142857142
6,2024-12-14,163.45,115.00285714285714
6,2024-12-15,117.27,119.63499999999999
6,2024-12-16,78.50999999999999,122.35
6,2024-12-17,86.75999999999999,117.35
6,2024-12-18,82.14,110.90785714285713
6,2024-12-19,79.925,106.33928571428571
6,2024-12-20,115.32,103.33928571428571
6,2024-12-21,125.82,97.96357142857143
6,2024-12-22,126.315,99.25571428571428
6,2024-12-23,85.82,100.3
6,2024-12-24,93.865,101.31499999999998
6,2024-12-25,54.78,97.40642857142858
6,2024-12-26,97.675,99.94214285714284
6,2024-12-27,176.295,108.65285714285713
6,2024-12-28,139.7,110.63571428571427
6,2024-12-29,196.48,120.65928571428572
6,2024-12-30,110.245,124.14857142857143
6,2024-12-31,104.38,125.65071428571427
6,2025-01-01,89.05,130.54642857142855
6,2025-01-02,60.51,125.23714285714286
6,2025-01-03,127.72,118.29785714285715
6,2025-01-04,162.54,121.56071428571428
6,2025-01-05,134.415,112.6942857142857
6,2025-01-06,73.845,107.49428571428571
6,2025-01-07,50.29,99.76714285714286
6,2025-01-08,60.33,95.66428571428571
6,2025-01-09,76.21,97.90714285714286
6,2025-01-10,153.35999999999999,101.57000000000001
6,2025-01-11,101.49,92.84857142857142
6,2025-01-12,147.32,94.69214285714284
6,2025-01-13,51.705,91.52928571428572
6,2025-01-14,129.47,102.84071428571428
6,2025-01-15,147.625,115.31142857142858
6,2025-01-16,74.785,115.10785714285714
6,2025-01-17,144.415,113.83
6,2025-01-18,71.565,109.55499999999999
6,2025-01-19,116.945,105.21571428571428
6,2025-01-20,69.05,107.69357142857142
6,2025-01-21,59.04,97.63214285714287
6,2025-01-22,77.73,87.64714285714285
6,2025-01-23,53.05,84.54214285714285
6,2025-01-24,121.30499999999999,81.24071428571428
6,2025-01-25,129.84,89.5657142857143
6,2025-01-26,105.825,87.97714285714287
6,2025-01-27,77.75,89.22000000000001
6,2025-01-28,61.644999999999996,89.59214285714286
6,2025-01-29,90.385,91.39999999999999
6,2025-01-30,55.585,91.76214285714286
6,2025-01-31,70.285,84.47357142857143
6,2025-02-01,104.005,80.78285714285714
6,2025-02-02,157.635,88.1842857142857
6,2025-02-03,72.755,87.47071428571428
6,2025-02-04,55.449999999999996,86.58571428571429
6,2025-02-05,83.86,85.65357142857144
6,2025-02-06,66.22,87.17285714285715
6,2025-02-07,110.76,92.95500000000001
6,2025-02-08,99.725,92.34357142857142
6,2025-02-09,89.16,82.56142857142858
6,2025-02-10,96.705,85.98285714285714
6,2025-02-11,49.74,85.16714285714285
6,2025-02-12,130.335,91.80642857142857
6,2025-02-13,86.825,94.75
6,2025-02-14,127.82,97.18714285714285
6,2025-02-15,82.45,94.71928571428573
6,2025-02-16,124.06,99.705
6,2025-02-17,84.92,98.02142857142859
6,2025-02-18,75.825,101.74785714285714
6,2025-02-19,82.535,94.9192857142857
6,2025-02-20,102.785,97.19928571428571
6,2025-02-21,150.82,100.485
6,2025-02-22,108.88,104.26071428571427
6,2025-02-23,113.235,102.71428571428571
6,2025-02-24,63.55,99.66142857142856
6,2025-02-25,57.059999999999995,96.98071428571428
6,2025-02-26,79.78,96.58714285714284
6,2025-02-27,113.67,98.14214285714286
6,2025-02-28,78.42999999999999,87.80071428571429
6,2025-03-01,135.24,91.56642857142857
6,2025-03-02,110.0,91.10428571428572
6,2025-03-03,63.019999999999996,91.02857142857144
6,2025-03-04,81.11999999999999,94.46571428571428
6,2025-03-05,81.25999999999999,94.67714285714285
6,2025-03-06,88.185,91.03642857142856
6,2025-03-07,116.8,96.51785714285714
6,2025-03-08,137.165,96.79285714285713
6,2025-03-09,140.94,101.21285714285715
6,2025-03-10,37.81,97.61142857142856
6,2025-03-11,86.205,98.33785714285715
6,2025-03-12,93.14,100.035
6,2025-03-13,115.55,103.9442857142857
6,2025-03-14,79.965,98.68214285714285
6,2025-03-15,104.78999999999999,94.05714285714285
6,2025-03-16,132.99,92.92142857142858
6,2025-03-17,100.925,101.93785714285714
6,2025-03-18,78.03999999999999,100.77142857142857
6,2025-03-19,80.3,98.93714285714285
6,2025-03-20,71.675,92.6692857142857
6,2025-03-21,140.665,101.34071428571428
6,2025-03-22,105.36,101.42214285714284
6,2025-03-23,83.825,94.39857142857143
6,2025-03-24,84.735,92.08571428571429
6,2025-03-25,106.035,96.085
6,2025-03-26,123.17,102.2092857142857
6,2025-03-27,49.074999999999996,98.98071428571428
6,2025-03-28,87.25999999999999,91.35142857142857
6,2025-03-29,137.73499999999999,95.97642857142857
6,2025-03-30,145.735,104.82071428571429
6,2025-03-31,48.635,99.66357142857143
6,2025-04-01,74.7,95.18714285714285
6,2025-04-02,46.214999999999996,84.19357142857142
6,2025-04-03,64.255,86.36214285714286
6,2025-04-04,180.20499999999998,99.64
6,2025-04-05,97.41,93.87928571428571
6,2025-04-06,127.975,91.34214285714286
6,2025-04-07,117.27499999999999,101.14785714285713
6,2025-04-08,73.275,100.94428571428571
6,2025-04-09,81.48,105.98214285714286
6,2025-04-10,62.12,105.67714285714285
6,2025-04-11,105.86,95.05642857142857
6,2025-04-12,120.175,98.30857142857143
6,2025-04-13,132.015,98.88571428571427
6,2025-04-14,93.92,95.5492857142857
6,2025-04-15,52.115,92.52642857142857
6,2025-04-16,88.83,93.57642857142856
6,2025-04-17,82.92999999999999,96.5492857142857
6,2025-04-18,96.79,95.25357142857142
6,2025-04-19,124.02,95.80285714285715
6,2025-04-20,109.11,92.5307142857143
6,2025-04-21,117.465,95.89428571428572
6,2025-04-22,47.725,95.26714285714286
6,2025-04-23,127.825,100.83785714285715
6,2025-04-24,91.215,102.02142857142859
6,2025-04-25,149.06,109.48857142857142
6,2025-04-26,99.77,106.02428571428571
6,2025-04-27,103.605,105.23785714285714
6,2025-04-28,92.75,101.70714285714287
6,2025-04-29,80.645,106.41
6,2025-04-30,81.995,99.86285714285714
6,2025-05-01,50.519999999999996,94.04928571428572
6,2025-05-02,127.96,91.035
6,2025-05-03,141.26999999999998,96.96357142857143
6,2025-05-04,115.88499999999999,98.71785714285714
6,2025-05-05,98.865,99.59142857142857
6,2025-05-06,93.55,101.43499999999999
6,2025-05-07,126.0,107.72142857142856
6,2025-05-08,125.925,118.49357142857143
6,2025-05-09,181.64499999999998,126.16285714285712
6,2025-05-10,133.78,125.09285714285714
6,2025-05-11,148.73,129.785
6,2025-05-12,127.115,133.82071428571427
6,2025-05-13,82.57,132.25214285714284
6,2025-05-14,120.945,131.53
6,2025-05-15,69.145,123.41857142857141
6,2025-05-16,120.94,114.74642857142855
6,2025-05-17,145.545,116.42714285714284
6,2025-05-18,93.34,108.51428571428572
6,2025-05-19,111.96,106.34928571428573
6,2025-05-20,71.35,104.74642857142855
6,2025-05-21,71.105,97.62642857142858
6,2025-05-22,82.515,99.53642857142857
6,2025-05-23,102.66499999999999,96.92571428571429
6,2025-05-24,79.115,87.43571428571428
6,2025-05-25,112.67999999999999,90.19857142857143
6,2025-05-26,76.405,85.11928571428571
6,2025-05-27,77.59,86.01071428571429
6,2025-05-28,124.63,93.65714285714286
6,2025-05-29,103.385,96.63857142857144
6,2025-05-30,113.28999999999999,98.15642857142856
6,2025-05-31,79.635,98.23071428571428
6,2025-06-01,142.275,102.45857142857143
6,2025-06-02,102.705,106.21571428571428
6,2025-06-03,76.295,106.03071428571427
6,2025-06-04,131.60999999999999,107.02785714285713
6,2025-06-05,44.0,98.5442857142857
6,2025-06-06,164.26,105.82571428571428
6,2025-06-07,137.0,114.02071428571428
6,2025-06-08,88.05,106.27428571428571
6,2025-06-09,75.00999999999999,102.31785714285715
6,2025-06-10,60.175000000000004,100.015
6,2025-06-11,76.77,92.18071428571429
6,2025-06-12,81.38499999999999,97.52142857142857
6,2025-06-13,100.325,88.38785714285714
6,2025-06-14,71.02499999999999,78.96285714285715
6,2025-06-15,149.7,87.77
6,2025-06-16,131.375,95.82214285714285
6,2025-06-17,86.13499999999999,99.53071428571427
6,2025-06-18,88.92999999999999,101.26785714285712
6,2025-06-19,90.27,102.53714285714285
6,2025-06-20,93.955,101.62714285714286
6,2025-06-21,166.75,115.30214285714285
6,2025-06-22,122.285,111.38571428571427
6,2025-06-23,142.785,113.01571428571427
6,2025-06-24,68.7,110.52499999999999
6,2025-06-25,80.30499999999999,109.29285714285713
6,2025-06-26,123.75,114.07571428571428
6,2025-06-27,105.23,115.68642857142856
6,2025-06-28,129.745,110.39999999999999
6,2025-06-29,98.505,107.00285714285714
6,2025-06-30,55.015,94.46428571428571
6,2025-07-01,110.27,100.40285714285714
6,2025-07-02,74.91,99.63214285714287
6,2025-07-03,87.02,94.38499999999999
6,2025-07-04,147.28,100.39214285714287
6,2025-07-05,116.415,98.48785714285714
6,2025-07-06,155.805,106.67357142857145
6,2025-07-07,103.235,113.56214285714285
6,2025-07-08,57.175,105.97714285714287
6,2025-07-09,79.97,106.70000000000002
6,2025-07-10,64.81,103.52714285714286
6,2025-07-11,178.08,107.92714285714287
6,2025-07-12,189.04999999999998,118.30357142857143
6,2025-07-13,142.13,116.35
6,2025-07-14,99.02499999999999,115.74857142857142
6,2025-07-15,110.545,123.37285714285713
6,2025-07-16,117.32,128.70857142857142
6,2025-07-17,107.345,134.785
6,2025-07-18,124.6,127.14499999999998
6,2025-07-19,105.64,115.22928571428572
6,2025-07-20,158.055,117.50428571428571
6,2025-07-21,76.265,114.25285714285714
6,2025-07-22,97.39999999999999,112.37499999999999
6,2025-07-23,77.395,106.67142857142856
6,2025-07-24,96.37,105.10357142857141
6,2025-07-25,118.38499999999999,104.21571428571428
6,2025-07-26,136.85,108.6742857142857
6,2025-07-27,138.945,105.9442857142857
6,2025-07-28,93.345,108.38428571428571
6,2025-07-29,94.52,107.97285714285714
6,2025-07-30,102.115,111.50428571428571
6,2025-07-31,66.42999999999999,107.22714285714287
6,2025-08-01,110.42,106.08928571428571
6,2025-08-02,101.19500000000001,100.99571428571429
6,2025-08-03,177.42499999999998,106.49285714285715
6,2025-08-04,85.425,105.36142857142856
6,2025-08-05,99.505,106.07357142857143
6,2025-08-06,117.045,108.20642857142857
6,2025-08-07,68.46,108.49642857142855
6,2025-08-08,93.03999999999999,106.01357142857144
6,2025-08-09,151.545,113.20642857142856
6,2025-08-10,101.67,102.38428571428571
6,2025-08-11,86.655,102.56000000000002
6,2025-08-12,86.405,100.68857142857144
6,2025-08-13,110.91499999999999,99.81285714285714
6,2025-08-14,107.835,105.43785714285715
6,2025-08-15,82.935,103.99428571428571
6,2025-08-16,57.065,90.49714285714286
6,2025-08-17,175.135,100.99214285714287
6,2025-08-18,54.654999999999994,96.42071428571428
6,2025-08-19,112.355,100.12785714285714
6,2025-08-20,58.04,92.57428571428571
6,2025-08-21,75.725,87.98714285714286
6,2025-08-22,100.115,90.44142857142857
6,2025-08-23,118.85,99.26785714285712
6,2025-08-24,72.22,84.56571428571428
6,2025-08-25,64.58,85.98357142857142
6,2025-08-26,81.76,81.61285714285714
6,2025-08-27,99.06,87.47285714285714
6,2025-08-28,66.2,86.11214285714286
6,2025-08-29,90.075,84.67785714285715
6,2025-08-30,148.65,88.93500000000002
6,2025-08-31,100.76,93.01214285714286
6,2025-09-01,60.385,92.41285714285716
6,2025-09-02,67.015,90.30642857142858
6,2025-09-03,74.2,86.755
6,2025-09-04,70.745,87.40428571428572
6,2025-09-05,139.41,94.45214285714285
6,2025-09-06,73.30499999999999,83.68857142857142
6,2025-09-07,132.48,88.22
6,2025-09-08,77.21,90.62357142857142
6,2025-09-09,93.545,94.41357142857143
6,2025-09-10,95.80499999999999,97.49999999999999
6,2025-09-11,48.035,94.25571428571428
6,2025-09-12,132.09,93.21000000000001
6,2025-09-13,87.23,95.19928571428571
6,2025-09-14,82.41,88.04642857142858
6,2025-09-15,62.37,85.92642857142857
6,2025-09-16,107.955,87.985
6,2025-09-17,75.04,85.01857142857145
6,2025-09-18,67.06,87.73642857142856
6,2025-09-19,111.405,84.78142857142858
6,2025-09-20,201.26999999999998,101.07285714285715
6,2025-09-21,109.255,104.90785714285714
6,2025-09-22,56.754999999999995,104.10571428571428
6,2025-09-23,110.64,104.48928571428571
6,2025-09-24,70.845,103.89
6,2025-09-25,104.08,109.17857142857143
6,2025-09-26,177.775,118.66
6,2025-09-27,152.965,111.75928571428572
6,2025-09-28,144.125,116.74071428571428
6,2025-09-29,122.96499999999999,126.19928571428571
6,2025-09-30,81.655,122.05857142857143
6,2025-10-01,52.73,119.47071428571428
6,2025-10-02,95.91,118.30357142857143
6,2025-10-03,120.14999999999999,110.07142857142857
6,2025-10-04,120.65,105.45500000000001
6,2025-10-05,125.205,102.75214285714284
6,2025-10-06,102.905,99.88642857142858
6,2025-10-07,52.365,95.70214285714287
6,2025-10-08,69.74,98.13214285714285
6,2025-10-09,79.725,95.81999999999998
6,2025-10-10,134.695,97.89785714285713
6,2025-10-11,150.0,102.09071428571428
6,2025-10-12,105.55999999999999,99.28428571428572
6,2025-10-13,111.50999999999999,100.51357142857141
6,2025-10-14,87.48,105.52999999999999
6,2025-10-15,82.55,107.36
6,2025-10-16,91.66,109.06500000000001
6,2025-10-17,137.875,109.51928571428572
6,2025-10-18,112.205,104.11999999999999
6,2025-10-19,136.9,108.59714285714287
6,2025-10-20,104.12,107.54142857142857
6,2025-10-21,140.945,115.17928571428571
6,2025-10-22,90.945,116.37857142857145
6,2025-10-23,86.495,115.64071428571427
6,2025-10-24,109.21,111.54571428571428
6,2025-10-25,118.345,112.42285714285715
6,2025-10-26,169.48499999999999,117.07785714285713
6,2025-10-27,75.945,113.05285714285715
6,2025-10-28,82.63,104.72214285714286
6,2025-10-29,105.375,106.78357142857142
6,2025-10-30,93.455,107.77785714285714
6,2025-10-31,152.54,113.96785714285714
6,2025-11-01,140.12,117.07857142857142
6,2025-11-02,165.28,116.47785714285715
6,2025-11-03,69.71,115.58714285714287
6,2025-11-04,66.61,113.29857142857144
6,2025-11-05,116.55,114.895
6,2025-11-06,112.795,117.65785714285714
6,2025-11-07,94.21,109.325
6,2025-11-08,158.675,111.97571428571428
6,2025-11-09,123.045,105.94214285714285
6,2025-11-10,71.85,106.24785714285714
6,2025-11-11,140.225,116.7642857142857
6,2025-11-12,113.075,116.26785714285714
6,2025-11-13,124.57,117.95
6,2025-11-14,149.615,125.86500000000001
6,2025-11-15,207.665,132.86357142857145
6,2025-11-16,159.515,138.07357142857143
6,2025-11-17,158.95,150.51642857142858
6,2025-11-18,62.0,139.34142857142857
6,2025-11-19,104.73,138.1492857142857
6,2025-11-20,73.025,130.78571428571428
6,2025-11-21,92.415,122.61428571428573
6,2025-11-22,102.075,107.52999999999999
6,2025-11-23,110.13,100.475
6,2025-11-24,114.03,94.05785714285716
6,2025-11-25,101.435,99.69142857142857
6,2025-11-26,136.25,104.19428571428571
6,2025-11-27,125.30499999999999,111.66285714285713
6,2025-11-28,131.23499999999999,117.20857142857142
6,2025-11-29,122.285,120.09571428571428
6,2025-11-30,147.275,125.40214285714286
7,2024-06-01,107.645,107.645
7,2024-06-02,77.59,92.6175
7,2024-06-03,84.09,89.77499999999999
7,2024-06-04,74.82,86.03625
7,2024-06-05,77.13499999999999,84.256
7,2024-06-06,79.62,83.48333333333333
7,2024-06-07,79.815,82.95928571428571
7,2024-06-08,103.455,82.36071428571428
7,2024-06-09,77.75,82.38357142857141
7,2024-06-10,112.64999999999999,86.46357142857143
7,2024-06-11,97.92999999999999,89.76499999999999
7,2024-06-12,89.66,91.5542857142857
7,2024-06-13,56.589999999999996,88.2642857142857
7,2024-06-14,63.769999999999996,85.97214285714286
7,2024-06-15,76.89,82.17714285714285
7,2024-06-16,114.505,87.42785714285712
7,2024-06-17,64.27,80.51642857142858
7,2024-06-18,115.03999999999999,82.96071428571429
7,2024-06-19,73.86,80.70357142857142
7,2024-06-20,87.225,85.08
7,2024-06-21,94.39999999999999,89.4557142857143
7,2024-06-22,133.805,97.58642857142856
7,2024-06-23,86.325,93.56071428571428
7,2024-06-24,63.9,93.50785714285713
7,2024-06-25,89.9,89.91642857142857
7,2024-06-26,90.445,92.28571428571429
7,2024-06-27,73.235,90.28714285714285
7,2024-06-28,97.745,90.76499999999999
7,2024-06-29,90.91,84.63714285714286
7,2024-06-30,111.945,88.29714285714286
7,2024-07-01,55.975,87.16499999999999
7,2024-07-02,97.425,88.24
7,2024-07-03,133.62,94.40785714285714
7,2024-07-04,82.665,95.755
7,2024-07-05,154.295,103.83357142857143
7,2024-07-06,84.96,102.98357142857142
7,2024-07-07,135.935,106.41071428571429
7,2024-07-08,55.265,106.30928571428572
7,2024-07-09,93.24,105.71142857142857
7,2024-07-10,75.195,97.365
7,2024-07-11,59.375,94.03785714285713
7,2024-07-12,63.54,81.07285714285715
7,2024-07-13,146.225,89.825
7,2024-07-14,104.475,85.33071428571428
7,2024-07-15,103.925,92.28214285714286
7,2024-07-16,71.315,89.14999999999999
7,2024-07-17,101.285,92.87714285714286
7,2024-07-18,160.005,107.25285714285714
7,2024-07-19,180.225,123.92214285714284
7,2024-07-20,105.585,118.11642857142859
7,2024-07-21,144.135,123.78214285714286
7,2024-07-22,71.615,119.16642857142857
7,2024-07-23,91.195,122.00642857142857
7,2024-07-24,111.17999999999999,123.42
7,2024-07-25,112.85499999999999,116.6842857142857
7,2024-07-26,145.13,111.67071428571428
7,2024-07-27,97.195,110.47214285714286
7,2024-07-28,101.0,104.30999999999999
7,2024-07-29,91.28,107.11928571428571
7,2024-07-30,88.815,106.77928571428572
7,2024-07-31,92.3,104.08214285714284
7,2024-08-01,80.53,99.46428571428571
7,2024-08-02,74.22999999999999,89.33571428571427
7,2024-08-03,131.13,94.18357142857143
7,2024-08-04,103.89999999999999,94.59785714285714
7,2024-08-05,63.735,90.66285714285713
7,2024-08-06,69.095,87.84571428571428
7,2024-08-07,87.575,87.17071428571428
7,2024-08-08,101.32,90.14071428571428
7,2024-08-09,76.92,90.52499999999999
7,2024-08-10,137.41,91.42214285714284
7,2024-08-11,142.10999999999999,96.88071428571428
7,2024-08-12,54.98,95.63
7,2024-08-13,84.28999999999999,97.80071428571428
7,2024-08-14,63.54,94.36714285714287
7,2024-08-15,50.845,87.15642857142856
7,2024-08-16,100.51,90.52642857142857
7,2024-08-17,136.775,90.43571428571428
7,2024-08-18,101.31,84.60714285714286
7,2024-08-19,127.10499999999999,94.91071428571429
7,2024-08-20,77.565,93.95
7,2024-08-21,63.46,93.93857142857144
7,2024-08-22,89.64,99.48071428571428
7,2024-08-23,97.8,99.09357142857142
7,2024-08-24,90.53,92.48714285714286
7,2024-08-25,151.075,99.59642857142856
7,2024-08-26,64.61,90.66857142857143
7,2024-08-27,64.53999999999999,88.80785714285715
7,2024-08-28,45.16,86.19357142857142
7,2024-08-29,93.46,86.73928571428571
7,2024-08-30,119.67,89.86357142857142
7,2024-08-31,172.74,101.60785714285716
7,2024-09-01,104.405,94.9407142857143
7,2024-09-02,71.13,95.87214285714286
7,2024-09-03,112.74499999999999,102.75857142857144
7,2024-09-04,56.885,104.43357142857144
7,2024-09-05,74.405,101.71142857142857
7,2024-09-06,123.45,102.25142857142859
7,2024-09-07,130.305,96.1892857142857
7,2024-09-08,131.16,100.01142857142857
7,2024-09-09,136.255,109.31499999999998
7,2024-09-10,80.245,104.67214285714284
7,2024-09-11,124.27499999999999,114.2992857142857
7,2024-09-12,87.66,116.19285714285715
7,2024-09-13,129.075,116.99642857142855
7,2024-09-14,74.82,109.07000000000001
7,2024-09-15,103.73,105.15142857142857
7,2024-09-16,93.065,98.98142857142857
7,2024-09-17,83.875,99.5
7,2024-09-18,67.285,91.35857142857142
7,2024-09-19,103.2,93.57857142857142
7,2024-09-20,101.175,89.59285714285714
7,2024-09-21,163.005,102.19071428571428
7,2024-09-22,88.58,100.02642857142858
7,2024-09-23,61.21,95.47571428571428
7,2024-09-24,49.49,90.56357142857142
7,2024-09-25,92.695,94.19357142857143
7,2024-09-26,117.36,96.21642857142857
7,2024-09-27,87.235,94.22500000000001
7,2024-09-28,141.48499999999999,91.15071428571427
7,2024-09-29,130.405,97.12571428571427
7,2024-09-30,77.755,99.48928571428571
7,2024-10-01,101.07,106.85785714285714
7,2024-10-02,50.76,100.86714285714285
7,2024-10-03,129.305,102.57357142857141
7,2024-10-04,91.485,103.18071428571429
7,2024-10-05,137.825,102.65785714285714
7,2024-10-06,165.105,107.61500000000001
7,2024-10-07,149.095,117.80642857142857
7,2024-10-08,66.16499999999999,112.82000000000001
7,2024-10-09,99.795,119.825
7,2024-10-10,58.98,109.77857142857144
7,2024-10-11,107.905,112.12428571428572
7,2024-10-12,75.96,103.28642857142857
7,2024-10-13,112.185,95.72642857142856
7,2024-10-14,47.769999999999996,81.25142857142858
7,2024-10-15,128.29,90.12642857142858
7,2024-10-16,89.465,88.6507142857143
7,2024-10-17,91.52499999999999,93.3
7,2024-10-18,139.04,97.74785714285714
7,2024-10-19,55.15,94.77499999999999
7,2024-10-20,138.62,98.55142857142857
7,2024-10-21,71.58,101.95285714285714
7,2024-10-22,80.03999999999999,95.05999999999999
7,2024-10-23,82.15,94.01499999999999
7,2024-10-24,58.335,89.27357142857143
7,2024-10-25,141.23,89.58642857142857
7,2024-10-26,96.095,95.43571428571428
7,2024-10-27,76.4,86.54714285714286
7,2024-10-28,120.80499999999999,93.5792857142857
7,2024-10-29,111.435,98.06428571428572
7,2024-10-30,91.19,99.35571428571428
7,2024-10-31,78.035,102.16999999999999
7,2024-11-01,135.995,101.42214285714284
7,2024-11-02,72.63499999999999,98.07071428571427
7,2024-11-03,168.065,111.16571428571429
7,2024-11-04,99.205,108.08000000000001
7,2024-11-05,96.835,105.99428571428571
7,2024-11-06,98.71,107.06857142857143
7,2024-11-07,97.69,109.87642857142858
7,2024-11-08,95.255,104.05642857142855
7,2024-11-09,165.53,117.32714285714285
7,2024-11-10,104.92,108.30642857142857
7,2024-11-11,115.19,110.58999999999999
7,2024-11-12,80.005,108.18571428571428
7,2024-11-13,96.09,107.81142857142856
7,2024-11-14,104.175,108.73785714285714
7,2024-11-15,172.78,119.81285714285715
7,2024-11-16,101.91499999999999,110.72500000000001
7,2024-11-17,75.655,106.5442857142857
7,2024-11-18,99.445,104.295
7,2024-11-19,120.80499999999999,110.12357142857142
7,2024-11-20,63.684999999999995,105.49428571428572
7,2024-11-21,81.14,102.20357142857144
7,2024-11-22,146.125,98.39571428571428
7,2024-11-23,169.475,108.04714285714284
7,2024-11-24,87.065,109.67714285714285
7,2024-11-25,91.125,108.48857142857142
7,2024-11-26,70.265,101.26857142857143
7,2024-11-27,108.565,107.67999999999999
7,2024-11-28,114.005,112.375
7,2024-11-29,166.905,115.34357142857142
7,2024-11-30,179.76999999999998,116.81428571428572
7,2024-12-01,141.18,124.545
7,2024-12-02,84.175,123.55214285714285
7,2024-12-03,69.675,123.46785714285714
7,2024-12-04,112.035,123.96357142857141
7,2024-12-05,116.91,124.37857142857142
7,2024-12-06,142.95,120.95642857142856
7,2024-12-07,153.365,117.1842857142857
7,2024-12-08,104.74,111.97857142857141
7,2024-12-09,150.445,121.44571428571427
7,2024-12-10,81.125,123.08142857142856
7,2024-12-11,90.47,120.00071428571427
7,2024-12-12,102.725,117.9742857142857
7,2024-12-13,124.225,115.29928571428572
7,2024-12-14,144.25,113.99714285714286
7,2024-12-15,120.49,116.24714285714286
7,2024-12-16,105.225,109.78714285714285
7,2024-12-17,93.27,111.52214285714285
7,2024-12-18,90.44,111.51785714285714
7,2024-12-19,130.07,115.42428571428572
7,2024-12-20,96.465,111.45857142857142
7,2024-12-21,123.285,108.46357142857141
7,2024-12-22,149.17,112.56071428571428
7,2024-12-23,77.91,108.65857142857143
7,2024-12-24,99.53,109.55285714285712
7,2024-12-25,88.505,109.27642857142857
7,2024-12-26,63.56,99.775
7,2024-12-27,152.87,107.83285714285715
7,2024-12-28,105.375,105.27428571428572
7,2024-12-29,148.085,105.11928571428572
7,2024-12-30,88.365,106.61285714285714
7,2024-12-31,82.14,104.12857142857145
7,2025-01-01,102.595,106.14142857142858
7,2025-01-02,136.57,116.57142857142857
7,2025-01-03,142.215,115.04928571428572
7,2025-01-04,107.42999999999999,115.34285714285714
7,2025-01-05,111.88499999999999,110.17142857142858
7,2025-01-06,57.515,105.76428571428572
7,2025-01-07,74.64,104.69285714285715
7,2025-01-08,66.2,99.49357142857143
7,2025-01-09,65.345,89.31857142857143
7,2025-01-10,139.34,88.90785714285714
7,2025-01-11,88.24,86.16642857142858
7,2025-01-12,136.31,89.65571428571427
7,2025-01-13,123.67,99.10642857142857
7,2025-01-14,90.605,101.38714285714286
7,2025-01-15,97.85499999999999,105.90928571428572
7,2025-01-16,124.685,114.38642857142857
7,2025-01-17,139.24,114.37214285714286
7,2025-01-18,142.565,122.13285714285715
7,2025-01-19,132.42499999999998,121.57785714285716
7,2025-01-20,77.24,114.94500000000001
7,2025-01-21,43.88,108.27
7,2025-01-22,81.67999999999999,105.95928571428571
7,2025-01-23,90.28999999999999,101.04571428571428
7,2025-01-24,118.01,98.01285714285713
7,2025-01-25,109.005,93.21857142857141
7,2025-01-26,92.66499999999999,87.53857142857143
7,2025-01-27,106.685,91.74499999999999
7,2025-01-28,36.795,90.73285714285713
7,2025-01-29,54.485,86.84785714285714
7,2025-01-30,97.605,87.89285714285714
7,2025-01-31,135.88,90.44571428571429
7,2025-02-01,144.845,95.5657142857143
7,2025-02-02,91.10499999999999,95.34285714285714
7,2025-02-03,101.925,94.66285714285713
7,2025-02-04,30.099999999999998,93.70642857142856
7,2025-02-05,69.815,95.89642857142857
7,2025-02-06,132.435,100.87214285714286
7,2025-02-07,67.515,91.10571428571428
7,2025-02-08,119.92999999999999,87.54642857142858
7,2025-02-09,126.285,92.57214285714285
7,2025-02-10,114.96499999999999,94.43499999999999
7,2025-02-11,81.115,101.72285714285714
7,2025-02-12,117.39,108.51928571428572
7,2025-02-13,85.095,101.75642857142857
7,2025-02-14,145.475,112.89357142857143
7,2025-02-15,97.685,109.71571428571428
7,2025-02-16,90.7,104.63214285714285
7,2025-02-17,71.27499999999999,98.39071428571428
7,2025-02-18,79.355,98.13928571428572
7,2025-02-19,67.92999999999999,91.07357142857144
7,2025-02-20,115.22999999999999,95.37857142857142
7,2025-02-21,137.39,94.22357142857142
7,2025-02-22,157.295,102.73928571428571
7,2025-02-23,90.63,102.72928571428572
7,2025-02-24,98.46499999999999,106.61357142857142
7,2025-02-25,72.75,105.66999999999999
7,2025-02-26,114.765,112.36071428571428
7,2025-02-27,114.75999999999999,112.29357142857143
7,2025-02-28,141.865,112.93285714285715
7,2025-03-01,68.345,100.22571428571428
7,2025-03-02,109.16499999999999,102.87357142857142
7,2025-03-03,58.339999999999996,97.14142857142858
7,2025-03-04,144.84,107.44000000000001
7,2025-03-05,75.38,101.81357142857144
7,2025-03-06,57.53,93.63785714285714
7,2025-03-07,132.245,92.26357142857144
7,2025-03-08,77.515,93.57357142857143
7,2025-03-09,103.23,92.72571428571429
7,2025-03-10,86.25,96.71285714285715
7,2025-03-11,75.37,86.78857142857143
7,2025-03-12,86.79,88.41857142857143
7,2025-03-13,80.91,91.75857142857144
7,2025-03-14,107.835,88.27142857142857
7,2025-03-15,97.82,91.17214285714286
7,2025-03-16,91.975,89.56428571428572
7,2025-03-17,94.685,90.76928571428572
7,2025-03-18,97.455,93.92428571428572
7,2025-03-19,86.88,93.93714285714286
7,2025-03-20,66.72,91.90999999999998
7,2025-03-21,131.20499999999998,95.24857142857142
7,2025-03-22,97.505,95.20357142857142
7,2025-03-23,88.005,94.63642857142858
7,2025-03-24,82.465,92.89071428571428
7,2025-03-25,85.19,91.13857142857141
7,2025-03-26,52.175,86.18071428571429
7,2025-03-27,72.53,87.01071428571429
7,2025-03-28,85.32,80.45571428571428
7,2025-03-29,104.96499999999999,81.52142857142857
7,2025-03-30,104.425,83.86714285714285
7,2025-03-31,87.92,84.64642857142857
7,2025-04-01,90.75999999999999,85.44214285714285
7,2025-04-02,89.865,90.82642857142856
7,2025-04-03,88.53,93.11214285714286
7,2025-04-04,76.13,91.79928571428572
7,2025-04-05,159.14499999999998,99.53928571428571
7,2025-04-06,87.05,97.05714285714285
7,2025-04-07,76.64,95.44571428571427
7,2025-04-08,83.255,94.37357142857142
7,2025-04-09,99.705,95.7792857142857
7,2025-04-10,93.11,96.43357142857143
7,2025-04-11,117.07,102.28214285714284
7,2025-04-12,98.77,93.65714285714286
7,2025-04-13,119.46,98.28714285714285
7,2025-04-14,96.77499999999999,101.16357142857142
7,2025-04-15,90.41,102.18571428571428
7,2025-04-16,93.735,101.33285714285714
7,2025-04-17,68.38499999999999,97.80071428571429
7,2025-04-18,160.53,104.00928571428572
7,2025-04-19,124.8,107.72785714285713
7,2025-04-20,133.85999999999999,109.785
7,2025-04-21,67.2,105.56000000000002
7,2025-04-22,67.21,102.24571428571427
7,2025-04-23,105.06,103.86357142857142
7,2025-04-24,79.145,105.4007142857143
7,2025-04-25,141.395,102.66714285714285
7,2025-04-26,74.75,95.51714285714286
7,2025-04-27,128.565,94.76071428571429
7,2025-04-28,51.79,92.5592857142857
7,2025-04-29,79.27499999999999,94.28285714285714
7,2025-04-30,67.7,88.94571428571429
7,2025-05-01,68.32000000000001,87.39928571428571
7,2025-05-02,101.375,81.68214285714285
7,2025-05-03,119.625,88.09285714285714
7,2025-05-04,125.835,87.70285714285714
7,2025-05-05,100.095,94.60357142857143
7,2025-05-06,96.295,97.03500000000001
7,2025-05-07,90.3,100.26357142857144
7,2025-05-08,105.655,105.59714285714286
7,2025-05-09,91.61,104.20214285714285
7,2025-05-10,112.675,103.2092857142857
7,2025-05-11,104.195,100.11785714285715
7,2025-05-12,65.05499999999999,95.11214285714286
7,2025-05-13,89.74,94.17571428571429
7,2025-05-14,93.45,94.62571428571428
7,2025-05-15,99.64999999999999,93.76785714285714
7,2025-05-16,155.47,102.89071428571427
7,2025-05-17,93.77499999999999,100.1907142857143
7,2025-05-18,138.54,105.09714285714286
7,2025-05-19,115.27499999999999,112.27142857142857
7,2025-05-20,104.80499999999999,114.42357142857142
7,2025-05-21,62.394999999999996,109.98714285714286
7,2025-05-22,77.55,106.83
7,2025-05-23,108.92,100.17999999999998
7,2025-05-24,146.765,107.75
7,2025-05-25,81.91499999999999,99.66071428571429
7,2025-05-26,92.55499999999999,96.41499999999999
7,2025-05-27,73.085,91.88357142857141
7,2025-05-28,56.83,91.08857142857141
7,2025-05-29,100.19,94.32285714285715
7,2025-05-30,129.24,97.22571428571429
7,2025-05-31,87.8,88.80214285714285
7,2025-06-01,127.825,95.36071428571428
7,2025-06-02,110.265,97.89071428571428
7,2025-06-03,91.33,100.49714285714286
7,2025-06-04,69.0,102.2357142857143
7,2025-06-05,89.82,100.75428571428571
7,2025-06-06,140.34,102.34
7,2025-06-07,122.575,107.30785714285716
7,2025-06-08,128.935,107.46642857142857
7,2025-06-09,81.42,103.34571428571428
7,2025-06-10,85.725,102.54499999999999
7,2025-06-11,50.735,99.93571428571428
7,2025-06-12,67.945,96.81071428571428
7,2025-06-13,131.79999999999998,95.59071428571428
7,2025-06-14,90.045,90.94357142857142
7,2025-06-15,89.725,85.34214285714286
7,2025-06-16,71.675,83.95
7,2025-06-17,76.275,82.60000000000001
7,2025-06-18,71.895,85.62285714285714
7,2025-06-19,66.735,85.44999999999997
7,2025-06-20,132.82,85.59571428571428
7,2025-06-21,129.585,91.24428571428572
7,2025-06-22,123.99,96.13928571428572
7,2025-06-23,63.46,94.96571428571428
7,2025-06-24,93.80499999999999,97.47
7,2025-06-25,71.905,97.47142857142856
7,2025-06-26,92.645,101.17285714285715
7,2025-06-27,148.495,103.41214285714285
7,2025-06-28,116.71,101.57285714285715
7,2025-06-29,120.645,101.095
7,2025-06-30,70.62,102.11785714285715
7,2025-07-01,63.845,97.83785714285715
7,2025-07-02,142.39,107.90714285714284
7,2025-07-03,101.235,109.13428571428571
7,2025-07-04,177.20499999999998,113.23571428571428
7,2025-07-05,104.265,111.45785714285714
7,2025-07-06,139.11,114.09571428571428
7,2025-07-07,104.31,118.90857142857142
7,2025-07-08,88.82,122.47642857142856
7,2025-07-09,75.26,112.88642857142857
7,2025-07-10,99.94,112.70142857142858
7,2025-07-11,151.45499999999998,109.02285714285713
7,2025-07-12,121.195,111.44142857142856
7,2025-07-13,173.19,116.30999999999999
7,2025-07-14,134.23,120.5842857142857
7,2025-07-15,102.24,122.50142857142858
7,2025-07-16,107.475,127.10357142857141
7,2025-07-17,112.1,128.84071428571426
7,2025-07-18,134.29999999999998,126.39
7,2025-07-19,155.505,131.29142857142855
7,2025-07-20,124.92999999999999,124.39714285714285
7,2025-07-21,126.735,123.32642857142856
7,2025-07-22,77.175,119.74571428571427
7,2025-07-23,116.1,120.97785714285715
7,2025-07-24,63.635,114.05428571428571
7,2025-07-25,135.05,114.16142857142856
7,2025-07-26,140.775,112.05714285714286
7,2025-07-27,181.70499999999998,120.16785714285713
7,2025-07-28,86.47,114.41571428571429
7,2025-07-29,59.15,111.84071428571428
7,2025-07-30,83.8,107.22642857142857
7,2025-07-31,119.545,115.21357142857143
7,2025-08-01,116.8,112.60642857142855
7,2025-08-02,108.16,107.94714285714284
7,2025-08-03,110.17,97.72785714285715
7,2025-08-04,51.519999999999996,92.735
7,2025-08-05,52.81,91.82928571428572
7,2025-08-06,67.14,89.44928571428572
7,2025-08-07,109.16,87.96571428571428
7,2025-08-08,103.315,86.03928571428571
7,2025-08-09,137.215,90.18999999999998
7,2025-08-10,126.82,92.56857142857143
7,2025-08-11,119.5,102.28
7,2025-08-12,96.505,108.52214285714285
7,2025-08-13,98.26,112.96785714285714
7,2025-08-14,75.24,108.12214285714286
7,2025-08-15,129.415,111.85071428571428
7,2025-08-16,119.505,109.32071428571429
7,2025-08-17,111.25,107.09642857142856
7,2025-08-18,65.13,99.3292857142857
7,2025-08-19,104.25,100.43571428571428
7,2025-08-20,72.125,96.70214285714285
7,2025-08-21,73.05,96.38928571428572
7,2025-08-22,124.13,95.63428571428572
7,2025-08-23,137.445,98.19714285714285
7,2025-08-24,156.94,104.7242857142857
7,2025-08-25,85.145,107.58357142857143
7,2025-08-26,92.495,105.90428571428572
7,2025-08-27,76.8,106.57214285714285
7,2025-08-28,76.385,107.04857142857142
7,2025-08-29,167.4,113.22999999999999
7,2025-08-30,178.135,119.04285714285713
7,2025-08-31,105.31,111.66714285714285
7,2025-09-01,78.095,110.66
7,2025-09-02,95.53999999999999,111.095
7,2025-09-03,61.64,108.92928571428571
7,2025-09-04,97.875,111.99928571428572
7,2025-09-05,71.66499999999999,98.32285714285715
7,2025-09-06,97.925,86.86428571428571
7,2025-09-07,86.19,84.13285714285713
7,2025-09-08,79.505,84.3342857142857
7,2025-09-09,62.059999999999995,79.55142857142857
7,2025-09-10,81.25,82.35285714285715
7,2025-09-11,60.91,77.07214285714285
7,2025-09-12,75.47,77.61571428571428
7,2025-09-13,109.565,79.27857142857144
7,2025-09-14,94.095,80.40785714285714
7,2025-09-15,75.295,79.80642857142857
7,2025-09-16,121.80499999999999,88.34142857142857
7,2025-09-17,69.205,86.62071428571429
7,2025-09-18,95.97,91.62928571428571
7,2025-09-19,118.49499999999999,97.7757142857143
7,2025-09-20,77.14,93.14357142857143
7,2025-09-21,127.895,97.97214285714287
7,2025-09-22,39.72,92.89
7,2025-09-23,84.145,87.51
7,2025-09-24,119.995,94.76571428571428
7,2025-09-25,113.525,97.27357142857143
7,2025-09-26,113.03999999999999,96.49428571428572
7,2025-09-27,91.30499999999999,98.51785714285714
7,2025-09-28,94.0,93.67571428571429
7,2025-09-29,107.315,103.33214285714284
7,2025-09-30,62.18,100.1942857142857
7,2025-10-01,112.24,99.08642857142856
7,2025-10-02,81.635,94.53071428571427
7,2025-10-03,103.765,93.2057142857143
7,2025-10-04,105.89999999999999,95.29071428571429
7,2025-10-05,124.89999999999999,99.70500000000001
7,2025-10-06,124.425,102.14928571428571
7,2025-10-07,84.075,105.27714285714286
7,2025-10-08,94.745,102.77785714285714
7,2025-10-09,99.645,105.35071428571429
7,2025-10-10,181.535,116.46071428571429
7,2025-10-11,60.225,109.93571428571428
7,2025-10-12,109.175,107.6892857142857
7,2025-10-13,59.894999999999996,98.47071428571428
7,2025-10-14,109.95,102.16714285714285
7,2025-10-15,70.5,98.70357142857142
7,2025-10-16,83.675,96.42214285714284
7,2025-10-17,103.36,85.25428571428571
7,2025-10-18,159.67499999999998,99.46142857142857
7,2025-10-19,142.165,104.17428571428572
7,2025-10-20,112.195,111.64571428571428
7,2025-10-21,47.14,102.67285714285713
7,2025-10-22,115.2,109.05857142857143
7,2025-10-23,55.584999999999994,105.0457142857143
7,2025-10-24,111.565,106.21785714285714
7,2025-10-25,155.22,105.58142857142856
7,2025-10-26,71.945,95.54999999999998
7,2025-10-27,79.485,90.87714285714286
7,2025-10-28,88.67,96.81000000000002
7,2025-10-29,65.8,89.75285714285714
7,2025-10-30,138.545,101.60428571428572
7,2025-10-31,121.1,102.96642857142857
7,2025-11-01,132.35,99.69928571428571
7,2025-11-02,129.545,107.92785714285715
7,2025-11-03,100.0,110.85857142857142
7,2025-11-04,77.325,109.23785714285714
7,2025-11-05,162.275,123.02
7,2025-11-06,81.86,114.92214285714286
7,2025-11-07,147.92,118.75357142857142
7,2025-11-08,134.35999999999999,119.04071428571429
7,2025-11-09,132.10999999999999,119.40714285714284
7,2025-11-10,107.13499999999999,120.42642857142856
7,2025-11-11,140.82,129.49714285714285
7,2025-11-12,76.14,117.19214285714284
7,2025-11-13,103.64,120.30357142857142
7,2025-11-14,149.695,120.55714285714285
7,2025-11-15,167.23,125.25285714285714
7,2025-11-16,181.65,132.33
7,2025-11-17,134.92,136.2992857142857
7,2025-11-18,140.565,136.26285714285714
7,2025-11-19,136.71,144.91571428571427
7,2025-11-20,86.075,142.40642857142856
7,2025-11-21,133.0,140.02142857142857
7,2025-11-22,162.165,139.29785714285714
7,2025-11-23,125.28999999999999,131.24642857142857
7,2025-11-24,104.895,126.95714285714287
7,2025-11-25,111.10499999999999,122.74857142857141
7,2025-11-26,125.435,121.13785714285714
7,2025-11-27,109.10499999999999,124.42785714285715
7,2025-11-28,172.42,130.05928571428572
7,2025-11-29,119.27,123.93142857142857
7,2025-11-30,100.10499999999999,120.33357142857143
8,2024-06-01,92.1,92.1
8,2024-06-02,124.365,108.23249999999999
8,2024-06-03,44.199999999999996,86.88833333333332
8,2024-06-04,88.09,87.18875
8,2024-06-05,47.8,79.311
8,2024-06-06,118.28999999999999,85.8075
8,2024-06-07,105.91,88.67928571428571
8,2024-06-08,104.205,90.40857142857142
8,2024-06-09,107.215,87.95857142857143
8,2024-06-10,78.36999999999999,92.84
8,2024-06-11,65.865,89.66499999999999
8,2024-06-12,105.36999999999999,97.8892857142857
8,2024-06-13,100.585,95.36
8,2024-06-14,75.495,91.015
8,2024-06-15,98.545,90.20642857142856
8,2024-06-16,102.645,89.55357142857143
8,2024-06-17,89.985,91.21285714285713
8,2024-06-18,72.625,92.17857142857143
8,2024-06-19,70.75,87.23285714285714
8,2024-06-20,95.875,86.55999999999999
8,2024-06-21,93.19,89.08785714285715
8,2024-06-22,141.385,95.20785714285715
8,2024-06-23,63.815,89.66071428571429
8,2024-06-24,108.63,92.32428571428571
8,2024-06-25,53.865,89.64428571428572
8,2024-06-26,73.25,90.00142857142858
8,2024-06-27,59.589999999999996,84.81785714285715
8,2024-06-28,118.55499999999999,88.44142857142856
8,2024-06-29,126.295,86.28571428571429
8,2024-06-30,126.93499999999999,95.30285714285712
8,2024-07-01,105.605,94.87071428571429
8,2024-07-02,41.255,93.06928571428571
8,2024-07-03,73.655,93.12714285714284
8,2024-07-04,90.74,97.57714285714285
8,2024-07-05,125.765,98.60714285714286
8,2024-07-06,126.08,98.57642857142856
8,2024-07-07,95.345,94.06357142857144
8,2024-07-08,89.88,91.81714285714285
8,2024-07-09,104.38,100.83500000000001
8,2024-07-10,109.895,106.01214285714286
8,2024-07-11,82.455,104.82857142857144
8,2024-07-12,95.345,100.48285714285714
8,2024-07-13,111.025,98.33214285714287
8,2024-07-14,109.965,100.42071428571428
8,2024-07-15,94.62,101.09785714285714
8,2024-07-16,82.56,97.98071428571428
8,2024-07-17,92.22,95.4557142857143
8,2024-07-18,43.765,89.92857142857143
8,2024-07-19,125.39,94.2207142857143
8,2024-07-20,112.025,94.36357142857142
8,2024-07-21,120.595,95.88214285714287
8,2024-07-22,108.735,97.89857142857144
8,2024-07-23,113.845,102.36785714285715
8,2024-07-24,43.035,95.34142857142857
8,2024-07-25,98.8,103.20357142857142
8,2024-07-26,122.63,102.8092857142857
8,2024-07-27,155.20499999999998,108.97785714285715
8,2024-07-28,113.14999999999999,107.91428571428571
8,2024-07-29,80.115,103.82571428571428
8,2024-07-30,65.535,96.9242857142857
8,2024-07-31,66.7,100.30499999999998
8,2024-08-01,89.41499999999999,98.96428571428571
8,2024-08-02,83.81,93.41857142857143
8,2024-08-03,140.37,91.29928571428572
8,2024-08-04,100.405,89.47857142857143
8,2024-08-05,79.195,89.34714285714286
8,2024-08-06,105.24499999999999,95.02
8,2024-08-07,73.795,96.03357142857142
8,2024-08-08,98.25,97.29571428571428
8,2024-08-09,114.22999999999999,101.64142857142856
8,2024-08-10,133.115,100.60499999999999
8,2024-08-11,94.67999999999999,99.78714285714285
8,2024-08-12,70.92,98.605
8,2024-08-13,89.05499999999999,96.29214285714285
8,2024-08-14,70.585,95.83357142857143
8,2024-08-15,82.885,93.63857142857144
8,2024-08-16,120.145,94.48357142857142
8,2024-08-17,145.025,96.18500000000002
8,2024-08-18,113.785,98.91428571428571
8,2024-08-19,83.695,100.73928571428571
8,2024-08-20,59.4,96.50285714285714
8,2024-08-21,73.025,96.85142857142857
8,2024-08-22,76.85,95.98928571428571
8,2024-08-23,122.335,96.30214285714285
8,2024-08-24,106.0,90.72714285714285
8,2024-08-25,115.00999999999999,90.90214285714285
8,2024-08-26,62.18,87.82857142857144
8,2024-08-27,115.445,95.83500000000001
8,2024-08-28,76.215,96.29071428571429
8,2024-08-29,97.46499999999999,99.23571428571427
8,2024-08-30,95.995,95.47285714285714
8,2024-08-31,110.42,96.10428571428572
8,2024-09-01,82.495,91.45928571428571
8,2024-09-02,66.105,92.02
8,2024-09-03,111.195,91.41285714285713
8,2024-09-04,96.03999999999999,94.24499999999999
8,2024-09-05,69.13,90.19714285714285
8,2024-09-06,50.955,83.76285714285714
8,2024-09-07,92.825,81.24928571428572
8,2024-09-08,96.955,83.31499999999998
8,2024-09-09,118.335,90.77642857142857
8,2024-09-10,66.67,84.41571428571429
8,2024-09-11,79.995,82.12357142857142
8,2024-09-12,80.825,83.7942857142857
8,2024-09-13,123.72999999999999,94.1907142857143
8,2024-09-14,100.53999999999999,95.29285714285713
8,2024-09-15,138.885,101.28285714285714
8,2024-09-16,77.77499999999999,95.48857142857143
8,2024-09-17,87.34,98.44142857142856
8,2024-09-18,64.03,96.16071428571429
8,2024-09-19,58.78,93.01142857142858
8,2024-09-20,108.81,90.88
8,2024-09-21,80.72999999999999,88.05
8,2024-09-22,74.97,78.9192857142857
8,2024-09-23,84.435,79.87071428571429
8,2024-09-24,93.94,80.81357142857142
8,2024-09-25,99.05499999999999,85.81714285714285
8,2024-09-26,50.47,84.63000000000001
8,2024-09-27,73.795,79.62785714285714
8,2024-09-28,116.535,84.74285714285715
8,2024-09-29,108.975,89.60071428571428
8,2024-09-30,49.379999999999995,84.59285714285714
8,2024-10-01,61.074999999999996,79.89785714285713
8,2024-10-02,98.91,79.87714285714286
8,2024-10-03,75.685,83.47928571428572
8,2024-10-04,88.13,85.52714285714285
8,2024-10-05,73.52,79.38214285714285
8,2024-10-06,146.755,84.7792857142857
8,2024-10-07,57.86,85.99071428571428
8,2024-10-08,68.77,87.09000000000002
8,2024-10-09,56.714999999999996,81.06214285714285
8,2024-10-10,34.735,75.21214285714287
8,2024-10-11,166.96,86.47357142857143
8,2024-10-12,104.685,90.92571428571429
8,2024-10-13,91.66499999999999,83.05571428571429
8,2024-10-14,123.465,92.42785714285715
8,2024-10-15,100.125,96.90714285714286
8,2024-10-16,87.695,101.33285714285714
8,2024-10-17,82.925,108.21714285714286
8,2024-10-18,118.38,101.27714285714286
8,2024-10-19,152.22,108.06785714285714
8,2024-10-20,107.66,110.35285714285715
8,2024-10-21,83.33,104.61928571428571
8,2024-10-22,87.02,102.74714285714286
8,2024-10-23,73.38,100.70214285714285
8,2024-10-24,96.975,102.7092857142857
8,2024-10-25,149.04,107.08928571428571
8,2024-10-26,93.035,98.63428571428571
8,2024-10-27,141.655,103.49071428571428
8,2024-10-28,86.065,103.88142857142859
8,2024-10-29,72.73,101.84
8,2024-10-30,115.205,107.81500000000001
8,2024-10-31,131.59,112.76
8,2024-11-01,155.85999999999999,113.73428571428569
8,2024-11-02,144.73,121.11928571428571
8,2024-11-03,69.125,110.75785714285713
8,2024-11-04,120.33,115.65285714285714
8,2024-11-05,95.765,118.94357142857143
8,2024-11-06,129.39,120.97
8,2024-11-07,114.42,118.51714285714284
8,2024-11-08,157.145,118.70071428571428
8,2024-11-09,138.91,117.86928571428572
8,2024-11-10,178.04999999999998,133.43
8,2024-11-11,94.39999999999999,129.72571428571428
8,2024-11-12,106.875,131.31285714285713
8,2024-11-13,104.445,127.74928571428572
8,2024-11-14,111.87,127.385
8,2024-11-15,82.965,116.78785714285712
8,2024-11-16,85.235,109.11999999999999
8,2024-11-17,120.035,100.83214285714287
8,2024-11-18,112.77,103.45642857142857
8,2024-11-19,67.615,97.84785714285714
8,2024-11-20,69.685,92.88214285714285
8,2024-11-21,90.465,89.82428571428571
8,2024-11-22,160.165,100.85285714285715
8,2024-11-23,165.76999999999998,112.35785714285714
8,2024-11-24,135.695,114.595
8,2024-11-25,72.425,108.83142857142856
8,2024-11-26,140.71,119.27357142857143
8,2024-11-27,85.51,121.53428571428572
8,2024-11-28,139.215,128.49857142857144
8,2024-11-29,110.645,121.42428571428572
8,2024-11-30,205.265,127.06642857142856
8,2024-12-01,103.185,122.42214285714286
8,2024-12-02,137.655,131.7407142857143
8,2024-12-03,82.435,123.41571428571429
8,2024-12-04,111.155,127.0792857142857
8,2024-12-05,82.985,119.04642857142856
8,2024-12-06,137.355,122.86214285714284
8,2024-12-07,121.32,110.87
8,2024-12-08,125.825,114.10428571428572
8,2024-12-09,88.05499999999999,107.01857142857143
8,2024-12-10,78.98,106.52499999999999
8,2024-12-11,79.85,102.05285714285715
8,2024-12-12,64.63,99.43071428571429
8,2024-12-13,139.325,99.71214285714287
8,2024-12-14,183.095,108.53714285714285
8,2024-12-15,145.88,111.40214285714285
8,2024-12-16,90.33,111.72714285714285
8,2024-12-17,65.32,109.77571428571427
8,2024-12-18,93.6,111.74
8,2024-12-19,85.065,114.6592857142857
8,2024-12-20,123.08,112.33857142857143
8,2024-12-21,135.355,105.5185714285714
8,2024-12-22,172.025,109.25357142857142
8,2024-12-23,75.695,107.16285714285713
8,2024-12-24,122.3,115.30285714285715
8,2024-12-25,67.41499999999999,111.56214285714285
8,2024-12-26,82.875,111.24928571428572
8,2024-12-27,155.885,115.93571428571428
8,2024-12-28,88.565,109.25142857142858
8,2024-12-29,121.63,102.05214285714285
8,2024-12-30,94.23,104.7
8,2024-12-31,88.75,99.90714285714284
8,2025-01-01,42.275,96.3157142857143
8,2025-01-02,79.66499999999999,95.85714285714286
8,2025-01-03,109.13,89.17785714285715
8,2025-01-04,80.17,87.97857142857143
8,2025-01-05,117.8,87.43142857142857
8,2025-01-06,36.665,79.20785714285714
8,2025-01-07,117.35499999999999,83.2942857142857
8,2025-01-08,88.395,89.88285714285713
8,2025-01-09,73.25,88.96642857142857
8,2025-01-10,69.35,83.28357142857143
8,2025-01-11,76.015,82.68999999999998
8,2025-01-12,166.24,89.61
8,2025-01-13,88.375,96.99714285714286
8,2025-01-14,50.5,87.44642857142857
8,2025-01-15,90.23,87.70857142857143
8,2025-01-16,59.865,85.79642857142858
8,2025-01-17,101.53,90.39357142857143
8,2025-01-18,134.70499999999998,98.77785714285713
8,2025-01-19,115.67,91.55357142857143
8,2025-01-20,103.05499999999999,93.65071428571427
8,2025-01-21,67.575,96.09
8,2025-01-22,55.265,91.095
8,2025-01-23,98.225,96.575
8,2025-01-24,90.565,95.00857142857141
8,2025-01-25,150.01,97.19500000000001
8,2025-01-26,108.25,96.13499999999999
8,2025-01-27,93.19,94.72571428571429
8,2025-01-28,71.115,95.23142857142857
8,2025-01-29,85.98,99.61928571428572
8,2025-01-30,93.595,98.95785714285714
8,2025-01-31,155.125,108.18071428571429
8,2025-02-01,69.075,96.61857142857143
8,2025-02-02,156.595,103.52499999999999
8,2025-02-03,105.21,105.24214285714285
8,2025-02-04,87.37,107.5642857142857
8,2025-02-05,78.1,106.43857142857144
8,2025-02-06,68.33,102.82928571428572
8,2025-02-07,70.385,90.72357142857143
8,2025-02-08,126.245,98.89071428571428
8,2025-02-09,104.795,91.49071428571429
8,2025-02-10,63.855000000000004,85.58285714285715
8,2025-02-11,63.27,82.14
8,2025-02-12,66.965,80.54928571428572
8,2025-02-13,85.14,82.95071428571428
8,2025-02-14,123.175,90.49214285714287
8,2025-02-15,84.78999999999999,84.57000000000001
8,2025-02-16,83.84,81.57642857142856
8,2025-02-17,60.765,81.13499999999999
8,2025-02-18,53.535,79.74428571428572
8,2025-02-19,47.74,76.99785714285714
8,2025-02-20,125.095,82.70571428571428
8,2025-02-21,89.47,77.89071428571428
8,2025-02-22,85.91,78.05071428571429
8,2025-02-23,130.69,84.74357142857141
8,2025-02-24,104.53999999999999,90.99714285714286
8,2025-02-25,88.545,95.99857142857142
8,2025-02-26,47.165,95.91642857142857
8,2025-02-27,70.61,88.13285714285713
8,2025-02-28,86.58,87.72000000000001
8,2025-03-01,96.17999999999999,89.18714285714285
8,2025-03-02,108.875,86.07071428571429
8,2025-03-03,64.225,80.31142857142856
8,2025-03-04,75.085,78.38857142857141
8,2025-03-05,95.895,85.35000000000001
8,2025-03-06,79.795,86.66214285714285
8,2025-03-07,98.82,88.41071428571426
8,2025-03-08,110.075,90.39571428571428
8,2025-03-09,142.515,95.20142857142856
8,2025-03-10,115.55,102.53357142857142
8,2025-03-11,71.53999999999999,102.02714285714286
8,2025-03-12,58.64,96.70500000000001
8,2025-03-13,75.835,96.1392857142857
8,2025-03-14,151.825,103.71142857142857
8,2025-03-15,68.98,97.84071428571428
8,2025-03-16,124.97,95.33428571428571
8,2025-03-17,69.195,88.71214285714287
8,2025-03-18,76.94,89.48357142857142
8,2025-03-19,92.39,94.30499999999999
8,2025-03-20,97.03999999999999,97.33428571428571
8,2025-03-21,101.14999999999999,90.095
8,2025-03-22,133.075,99.25142857142858
8,2025-03-23,108.77,96.93714285714285
8,2025-03-24,44.695,93.43714285714285
8,2025-03-25,76.22999999999999,93.33571428571427
8,2025-03-26,100.99,94.5642857142857
8,2025-03-27,98.075,94.71214285714284
8,2025-03-28,78.53999999999999,91.48214285714286
8,2025-03-29,121.74,89.86285714285714
8,2025-03-30,138.62,94.12714285714286
8,2025-03-31,76.41,98.65785714285713
8,2025-04-01,109.25999999999999,103.37642857142858
8,2025-04-02,76.105,99.82142857142857
8,2025-04-03,63.725,94.91428571428571
8,2025-04-04,131.97,102.54714285714286
8,2025-04-05,91.89,98.28285714285714
8,2025-04-06,93.30499999999999,91.8092857142857
8,2025-04-07,90.77,93.86071428571428
8,2025-04-08,81.86,89.94642857142857
8,2025-04-09,63.794999999999995,88.18785714285715
8,2025-04-10,99.115,93.24357142857141
8,2025-04-11,119.05499999999999,91.39857142857143
8,2025-04-12,93.1,91.57142857142857
8,2025-04-13,107.175,93.55285714285715
8,2025-04-14,103.795,95.41357142857143
8,2025-04-15,90.615,96.66428571428571
8,2025-04-16,84.38,99.60499999999999
8,2025-04-17,61.64,94.25142857142855
8,2025-04-18,116.235,93.84857142857142
8,2025-04-19,96.92,94.39428571428572
8,2025-04-20,119.73,96.18785714285715
8,2025-04-21,130.37,99.98428571428573
8,2025-04-22,79.975,98.46428571428571
8,2025-04-23,116.11999999999999,102.99857142857142
8,2025-04-24,36.66,99.42999999999999
8,2025-04-25,142.19,103.13785714285714
8,2025-04-26,143.745,109.82714285714285
8,2025-04-27,85.31,104.90999999999998
8,2025-04-28,83.75,98.25
8,2025-04-29,74.335,97.44428571428571
8,2025-04-30,79.74,92.24714285714286
8,2025-05-01,82.28,98.76428571428572
8,2025-05-02,124.36,96.21714285714286
8,2025-05-03,85.42999999999999,87.88642857142857
8,2025-05-04,158.60999999999999,98.35785714285714
8,2025-05-05,65.14999999999999,95.70071428571427
8,2025-05-06,56.225,93.11357142857142
8,2025-05-07,94.015,95.15285714285713
8,2025-05-08,51.73,90.78857142857143
8,2025-05-09,150.63,94.54142857142857
8,2025-05-10,147.845,103.45785714285714
8,2025-05-11,139.88,100.78214285714286
8,2025-05-12,88.405,104.10428571428572
8,2025-05-13,71.065,106.2242857142857
8,2025-05-14,74.515,103.43857142857144
8,2025-05-15,65.88,105.46000000000001
8,2025-05-16,97.75,97.9057142857143
8,2025-05-17,142.15,97.09214285714286
8,2025-05-18,106.375,92.30571428571429
8,2025-05-19,84.485,91.74571428571429
8,2025-05-20,151.82999999999998,103.28357142857142
8,2025-05-21,85.325,104.82785714285714
8,2025-05-22,98.56,109.49642857142858
8,2025-05-23,115.80499999999999,112.07571428571428
8,2025-05-24,92.88499999999999,105.03785714285713
8,2025-05-25,82.03,101.55999999999999
8,2025-05-26,94.375,102.97285714285714
8,2025-05-27,74.03,91.85857142857142
8,2025-05-28,118.315,96.57142857142857
8,2025-05-29,79.35,93.82714285714285
8,2025-05-30,121.075,94.58
8,2025-05-31,127.16499999999999,99.47714285714287
8,2025-06-01,142.665,108.13928571428572
8,2025-06-02,98.98,108.79714285714286
8,2025-06-03,78.86,109.48714285714286
8,2025-06-04,53.015,100.15857142857143
8,2025-06-05,81.285,100.43499999999999
8,2025-06-06,120.095,100.295
8,2025-06-07,108.02,97.55999999999999
8,2025-06-08,120.655,94.41571428571429
8,2025-06-09,71.445,90.48214285714286
8,2025-06-10,111.795,95.18714285714285
8,2025-06-11,117.615,104.41571428571429
8,2025-06-12,71.765,103.05571428571429
8,2025-06-13,111.375,101.80999999999999
8,2025-06-14,132.365,105.28785714285713
8,2025-06-15,138.165,107.78928571428571
8,2025-06-16,75.78,108.40857142857142
8,2025-06-17,97.965,106.43285714285715
8,2025-06-18,84.465,101.69714285714285
8,2025-06-19,66.56,100.95357142857142
8,2025-06-20,129.825,103.58928571428571
8,2025-06-21,79.12,95.98285714285714
8,2025-06-22,88.005,88.81714285714285
8,2025-06-23,99.86,92.25714285714287
8,2025-06-24,111.91,94.24928571428572
8,2025-06-25,99.72,96.42857142857143
8,2025-06-26,76.31,97.82142857142857
8,2025-06-27,110.525,95.06428571428572
8,2025-06-28,125.88,101.74428571428572
8,2025-06-29,160.78,112.14071428571428
8,2025-06-30,121.34,115.20928571428571
8,2025-07-01,105.92,114.35357142857143
8,2025-07-02,127.535,118.32714285714285
8,2025-07-03,87.35,119.90428571428572
8,2025-07-04,120.95,121.39357142857143
8,2025-07-05,164.44,126.90214285714285
8,2025-07-06,162.71,127.17785714285715
8,2025-07-07,93.41,123.18785714285714
8,2025-07-08,98.295,122.09857142857143
8,2025-07-09,100.645,118.25714285714287
8,2025-07-10,55.605,113.72214285714287
8,2025-07-11,79.96,107.86642857142856
8,2025-07-12,169.73,108.62214285714286
8,2025-07-13,152.2,107.12071428571429
8,2025-07-14,76.255,104.67
8,2025-07-15,78.13,101.7892857142857
8,2025-07-16,97.36999999999999,101.32142857142856
8,2025-07-17,91.75,106.48499999999999
8,2025-07-18,164.105,118.50571428571428
8,2025-07-19,167.14,118.13571428571427
8,2025-07-20,97.50999999999999,110.32285714285715
8,2025-07-21,118.41499999999999,116.34571428571427
8,2025-07-22,117.1,121.91285714285713
8,2025-07-23,139.585,127.94357142857143
8,2025-07-24,80.33,126.31214285714285
8,2025-07-25,137.345,122.48928571428571
8,2025-07-26,146.415,119.52857142857142
8,2025-07-27,97.13,119.4742857142857
8,2025-07-28,68.075,112.28285714285714
8,2025-07-29,113.45,111.76142857142857
8,2025-07-30,90.8,104.79214285714285
8,2025-07-31,74.225,103.92
8,2025-08-01,104.155,99.17857142857143
8,2025-08-02,91.975,91.40142857142858
8,2025-08-03,138.47,97.30714285714286
8,2025-08-04,102.575,102.23571428571428
8,2025-08-05,84.81,98.14428571428573
8,2025-08-06,60.455,93.8092857142857
8,2025-08-07,79.135,94.51071428571427
8,2025-08-08,93.55,92.99571428571429
8,2025-08-09,101.86,94.40785714285714
8,2025-08-10,185.275,101.0942857142857
8,2025-08-11,113.285,102.62428571428572
8,2025-08-12,84.84,102.62857142857142
8,2025-08-13,61.89,102.83357142857143
8,2025-08-14,102.355,106.1507142857143
8,2025-08-15,130.78,111.4692857142857
8,2025-08-16,121.015,114.20571428571428
8,2025-08-17,124.005,105.45285714285714
8,2025-08-18,51.845,96.67571428571429
8,2025-08-19,104.6,99.49857142857142
8,2025-08-20,90.16,103.53714285714285
8,2025-08-21,120.95,106.19357142857143
8,2025-08-22,154.53,109.58642857142857
8,2025-08-23,114.92999999999999,108.71714285714286
8,2025-08-24,108.245,106.46571428571428
8,2025-08-25,90.945,112.05142857142857
8,2025-08-26,99.8,111.36571428571428
8,2025-08-27,106.95,113.76428571428572
8,2025-08-28,101.55499999999999,110.99357142857141
8,2025-08-29,86.77,101.31357142857142
8,2025-08-30,114.655,101.27428571428572
8,2025-08-31,118.74,102.77357142857143
8,2025-09-01,83.64999999999999,101.73142857142857
8,2025-09-02,90.56,100.41142857142857
8,2025-09-03,97.745,99.09642857142856
8,2025-09-04,61.585,93.38642857142858
8,2025-09-05,126.03,98.995
8,2025-09-06,82.185,94.35642857142855
8,2025-09-07,124.08,95.11928571428571
8,2025-09-08,77.215,94.2
8,2025-09-09,80.565,92.77214285714285
8,2025-09-10,75.53,89.59857142857143
8,2025-09-11,85.465,93.00999999999999
8,2025-09-12,113.06,91.15714285714286
8,2025-09-13,140.825,99.53428571428572
8,2025-09-14,75.11,92.53857142857143
8,2025-09-15,125.1,99.37928571428571
8,2025-09-16,85.0,100.01285714285714
8,2025-09-17,92.64999999999999,102.45857142857142
8,2025-09-18,75.6,101.04928571428572
8,2025-09-19,169.025,109.0442857142857
8,2025-09-20,105.56,104.00642857142857
8,2025-09-21,83.685,105.23142857142857
8,2025-09-22,83.46,99.28285714285714
8,2025-09-23,103.255,101.89071428571428
8,2025-09-24,100.55499999999999,103.02
8,2025-09-25,75.80499999999999,103.04928571428572
8,2025-09-26,159.45,101.68142857142857
8,2025-09-27,135.155,105.9092857142857
8,2025-09-28,116.46,110.59142857142857
8,2025-09-29,93.515,112.02785714285713
8,2025-09-30,60.129999999999995,105.86714285714285
8,2025-10-01,92.085,104.65714285714286
8,2025-10-02,87.335,106.3042857142857
8,2025-10-03,132.185,102.40928571428572
8,2025-10-04,119.465,100.16785714285713
8,2025-10-05,94.16499999999999,96.98285714285714
8,2025-10-06,122.58,101.13499999999999
8,2025-10-07,78.37,103.74071428571428
8,2025-10-08,96.735,104.40499999999999
8,2025-10-09,111.095,107.79928571428572
8,2025-10-10,108.39999999999999,104.40142857142857
8,2025-10-11,141.74,107.58357142857143
8,2025-10-12,94.88,107.68571428571428
8,2025-10-13,122.66499999999999,107.69785714285715
8,2025-10-14,59.03,104.93500000000002
8,2025-10-15,118.655,108.06642857142857
8,2025-10-16,96.32,105.95571428571428
8,2025-10-17,114.52,106.83
8,2025-10-18,66.955,96.14642857142857
8,2025-10-19,113.45,98.79928571428572
8,2025-10-20,93.085,94.57357142857143
8,2025-10-21,137.73,105.81642857142856
8,2025-10-22,93.83,102.27
8,2025-10-23,95.81,102.19714285714285
8,2025-10-24,68.145,95.57214285714285
8,2025-10-25,96.245,99.75642857142857
8,2025-10-26,168.875,107.6742857142857
8,2025-10-27,76.815,105.35000000000001
8,2025-10-28,105.155,100.69642857142857
8,2025-10-29,88.665,99.95857142857142
8,2025-10-30,123.985,103.98357142857142
8,2025-10-31,107.645,109.62642857142858
8,2025-11-01,161.015,118.87928571428571
8,2025-11-02,143.065,115.19214285714285
8,2025-11-03,147.76,125.32714285714285
8,2025-11-04,108.335,125.78142857142858
8,2025-11-05,89.27,125.86785714285715
8,2025-11-06,68.87,117.99428571428572
8,2025-11-07,106.455,117.82428571428571
8,2025-11-08,115.425,111.31142857142856
8,2025-11-09,145.32999999999998,111.63499999999999
8,2025-11-10,131.54999999999998,109.3192857142857
8,2025-11-11,71.62,104.07428571428571
8,2025-11-12,69.32,101.2242857142857
8,2025-11-13,97.45,105.30714285714285
8,2025-11-14,117.705,106.91428571428571
8,2025-11-15,174.73499999999999,115.38714285714285
8,2025-11-16,190.01,121.77
8,2025-11-17,113.89,119.24714285714285
8,2025-11-18,125.895,127.00071428571427
8,2025-11-19,73.85,127.64785714285713
8,2025-11-20,84.345,125.77571428571427
8,2025-11-21,124.97,126.81357142857142
8,2025-11-22,139.335,121.75642857142857
8,2025-11-23,104.17999999999999,109.495
8,2025-11-24,117.985,110.08
8,2025-11-25,81.74,103.77214285714285
8,2025-11-26,95.785,106.9057142857143
8,2025-11-27,65.645,104.23428571428572
8,2025-11-28,210.79,116.49428571428572
8,2025-11-29,163.625,119.96428571428571
8,2025-11-30,143.10999999999999,125.52571428571427
